"77321","0.437184","0.000463381","0.00203252","0","0"
"77322","0.437184","0.000463381","0.00203252","0","0"
"77323","0.733498","0.00102911","0.00187443","20.8877","-0.0112918"
"77324","7.45143","-0.0307431","-0.0108853","73.3499","-0.124209"
"77325","14.917","-0.123561","-0.0115854","95.2091","0.0496838"
"77326","29.4408","-0.227673","-0.00327461","185.075","0.119693"
"77327","54.4427","-0.15693","0.00718156","261.825","0.0880758"
"77328","82.8674","0.174109","0.0149051","300.686","0.0564588"
"77329","111.553","0.589437","0.0138211","275.426","0.0158085"
"77330","136.733","0.931825","0.013234","234.137","-0.00451671"
"77331","158.877","1.21435","0.0127145","215.192","0.00225835"
"77332","179.826","1.50361","0.013505","197.705","-0.038392"
"77333","198.959","1.69595","0.00688798","192.847","-0.0654923"
"77334","218.773","1.74781","-0.000677506","203.534","-0.0654923"
"77335","238.674","1.6654","-0.00657181","196.247","-0.031617"
"77336","258.041","1.51065","-0.00930442","184.103","-0.0474254"
"77337","276.679","1.30709","-0.0115854","189.932","-0.00225835"
"77338","295.85","1.08107","-0.0117886","194.304","0"
"77339","315.984","0.857459","-0.0102755","204.505","0.0158085"
"77340","336.948","0.678908","-0.00670731","209.849","0.031617"
"77341","357.437","0.561929","-0.00512646","200.619","-0.00225835"
"77342","376.09","0.486182","-0.000971092","168.559","0.0880758"
"77343","393.534","0.563446","0.00840108","181.189","0.0745257"
"77344","412.531","0.779601","0.0134372","195.276","0.0361337"
"77345","433.392","1.07157","0.0140921","213.249","0.00677506"
"77346","455.667","1.35406","0.0110208","225.879","-0.0564588"
"77347","478.303","1.55274","0.0074074","221.993","-0.0248419"
"77348","541.014","1.78137","0.000225839","200.619","-0.0158085"
"77349","560.439","1.76289","-0.0021906","192.847","-0.0158085"
"77350","579.525","1.68569","-0.00569105","190.904","-0.0429087"
"77351","598.887","1.55719","-0.00686539","195.762","0.00677506"
"77352","618.768","1.43453","-0.0054878","201.105","0.0180668"
"77353","638.646","1.35706","-0.00295844","197.705","0.00677506"
"77354","658.445","1.33353","0.000338755","201.105","0.0271002"
"77355","678.896","1.35539","0.0013776","203.534","-0.00225835"
"77356","699.419","1.39123","0.00185185","206.448","-0.00677506"
"77357","720.122","1.43187","0.00176152","204.991","-0.0135501"
"77358","740.116","1.46258","0.00126468","199.648","-0.00225835"
"77359","759.469","1.48139","0.000677508","191.875","-0.0112918"
"77360","778.826","1.47883","-0.000700088","192.361","-0.00903342"
"77361","798.257","1.47099","-0.000248417","196.733","-0.00225835"
"77362","818.003","1.45576","-0.000948507","201.591","-0.00677506"
"77363","838.58","1.45373","0.0000451691","205.963","-0.00451671"
"77364","859.317","1.44848","-0.000429085","209.363","-0.0112918"
"77365","880.379","1.44349","-0.0000225816","208.877","0"
"77366","922.058","1.50181","0.00259711","204.991","0.0225835"
"77367","942.362","1.56353","0.00295845","204.505","-0.0112918"
"77368","962.516","1.61875","0.00271003","202.076","0.00451671"
"77369","982.01","1.65851","0.00155827","190.904","0.00225835"
"77370","1001.13","1.6773","0.000248421","190.418","-0.0225835"
"77371","1020.83","1.66936","-0.000813006","196.247","0"
"77372","1040.76","1.66964","0.000112919","204.991","0"
"77373","1061.38","1.66287","-0.000745255","208.877","-0.0135501"
"77374","1082.3","1.65437","0.0000225854","207.906","0"
"77375","1103.04","1.65709","0.00000000181899","204.019","-0.0135501"
"77376","1123.35","1.66031","0.00018067","201.591","0.00225835"
"77377","1143.24","1.66723","0.000338755","198.676","0.00225835"
"77378","1180.57","1.69375","0.00103884","184.589","0.0180668"
"77379","1199.65","1.73076","0.00203252","193.818","0.00225835"
"77380","1221.2","1.76923","0.00160343","199.648","0.00677506"
"77381","1241.56","1.80036","0.00117435","207.906","-0.0225835"
"77382","1262.61","1.82023","0.00108401","213.249","0.00677506"
"77383","1284.02","1.85299","0.00130985","216.649","-0.0225835"
"77384","1305.23","1.87617","0.00101626","207.906","-0.00451671"
"77385","1325.92","1.90011","0.00160343","207.906","0.0271002"
"77386","1345.66","1.93093","0.00160343","196.733","0.00225835"
"77387","1365.1","1.96003","0.00158085","193.333","0.0135501"
"77388","1384.39","1.99231","0.00173893","190.418","0.00451671"
"77389","1403.76","2.03039","0.0021906","196.733","0.0112918"
"77390","1423.64","2.07079","0.00198735","199.162","0.00903342"
"77391","1443.65","2.11844","0.00264228","189.447","0.00903342"
"77392","1463.72","2.17857","0.00331978","203.048","0.0135501"
"77393","1484.28","2.24587","0.00318428","207.42","-0.00225835"
"77394","1505.39","2.3205","0.00386179","211.792","0.00903342"
"77395","1526.29","2.39235","0.00311653","207.42","0.00677506"
"77396","1546.74","2.43899","0.00180668","203.048","0.00903342"
"77397","1566.65","2.46426","0.000542006","196.247","-0.0180668"
"77398","1586.07","2.44421","-0.00221319","191.39","-0.0271002"
"77399","1605.4","2.38008","-0.00386178","191.39","0"
"77400","1624.46","2.31532","-0.00239385","189.932","0.0203252"
"77401","1643.55","2.28532","-0.00101626","198.19","0.00451671"
"77402","1663.42","2.27518","0.0000225843","206.934","0.0225835"
"77403","1684.17","2.27907","0.000451672","208.877","0.0180668"
"77404","1704.71","2.29617","0.00133243","205.477","0.0158085"
"77405","1725.19","2.32351","0.00128726","202.076","0.00903342"
"77406","1745.25","2.35539","0.00203252","193.333","0.00903342"
"77407","1764.99","2.3973","0.00180668","192.361","0"
"77408","1803.83","2.4787","0.00250677","195.762","-0.0112918"
"77409","1823.22","2.52287","0.0021906","198.19","-0.00451671"
"77410","1843.34","2.56341","0.00223577","207.906","0.0225835"
"77411","1864.01","2.61264","0.00264228","209.363","0.0158085"
"77412","1884.91","2.67898","0.00379404","209.363","0.0203252"
"77413","1905.73","2.77046","0.00476513","209.363","0.00677506"
"77414","1926.43","2.8577","0.00399729","203.534","0.00225835"
"77415","1946.21","2.92407","0.00261969","191.39","-0.031617"
"77416","1965.42","2.95411","0.000790425","190.418","-0.0225835"
"77417","1984.64","2.93681","-0.00210027","193.333","-0.0271002"
"77418","2003.99","2.87417","-0.00388437","198.19","0.00451671"
"77419","2023.45","2.78802","-0.00399728","195.276","0.0225835"
"77420","2043.35","2.73481","-0.0015131","198.19","0.0225835"
"77421","2063.67","2.71214","-0.000790422","204.505","0.00677506"
"77422","2084.28","2.70544","0.000429089","202.076","0.0225835"
"77423","2104.86","2.73634","0.0019196","203.534","-0.00225835"
"77424","2124.88","2.77963","0.00239386","195.762","0.00225835"
"77425","2163.99","2.86176","0.00155827","190.904","-0.0158085"
"77426","2182.81","2.88226","0.000858176","190.418","0"
"77427","2201.63","2.88518","-0.000361335","185.075","-0.0112918"
"77428","2261.8","2.89088","0.000700091","213.735","0.0225835"
"77429","2283.1","2.90753","0.000609757","211.306","0.00677506"
"77430","2304.11","2.92332","0.00115176","208.877","0.00903342"
"77431","2324.78","2.9561","0.00214544","204.505","0.00677506"
"77432","2344.83","3.00803","0.00307136","198.19","0.00451671"
"77433","2364.55","3.07181","0.0032972","197.705","-0.00677506"
"77434","2386.01","3.13113","0.00252936","193.333","-0.00903342"
"77435","2405.23","3.17803","0.00216802","189.932","-0.0112918"
"77436","2424.23","3.20937","0.00119693","191.39","-0.0225835"
"77437","2443.72","3.22081","0.000338754","198.676","-0.0112918"
"77438","2463.96","3.22759","0.000654923","203.534","-0.00225835"
"77439","2484.66","3.24064","0.000609756","210.334","0.00225835"
"77440","2505.84","3.24371","0.000135502","212.277","0.00225835"
"77441","2526.72","3.24679","-0.000112917","206.934","-0.00903342"
"77442","2546.86","3.23191","-0.000948508","198.19","-0.00451671"
"77443","2566.56","3.20759","-0.00140018","198.19","0"
"77444","2585.73","3.17004","-0.00210027","184.103","0.0158085"
"77445","2603.89","3.14372","-0.00106143","181.189","0.00225835"
"77446","2622.73","3.12921","-0.000429087","195.276","0.00451671"
"77447","2642.19","3.12043","-0.000406503","195.762","-0.00225835"
"77448","2662.03","3.11328","-0.000203251","204.019","0"
"77449","2682.53","3.10939","-0.000135501","212.277","0.00677506"
"77450","2703.47","3.11585","0.00115176","212.277","0.0248419"
"77451","2724.51","3.14258","0.00130985","210.334","0.0158085"
"77452","2745.09","3.16951","0.0015131","204.505","0.0112918"
"77453","2765.11","3.20547","0.00187443","191.39","-0.00903342"
"77454","2784.36","3.22349","-0.0000451666","191.39","-0.031617"
"77455","2803.5","3.20532","-0.00121951","190.418","-0.00451671"
"77456","2822.68","3.18216","-0.00108401","191.39","0"
"77457","2842.3","3.16815","-0.000564588","202.076","0"
"77458","2862.54","3.15779","-0.000203252","206.448","0.0112918"
"77459","2883.04","3.16605","0.000858175","205.963","0.00903342"
"77460","2903.21","3.19855","0.00250677","202.562","0.0112918"
"77461","2923.77","3.24842","0.00230352","206.934","-0.00451671"
"77462","2944.49","3.29289","0.00182927","205.477","-0.0158085"
"77463","2964.64","3.3172","0.000564589","199.162","-0.0361337"
"77464","2984.58","3.30989","-0.000813007","199.648","-0.00225835"
"77465","3004.04","3.27936","-0.00248419","194.304","-0.0225835"
"77466","3023.02","3.21654","-0.0034327","191.39","0"
"77467","3041.86","3.16116","-0.00180668","191.39","0.0180668"
"77468","3081.15","3.1413","0.000158085","199.648","0.00677506"
"77469","3101.68","3.14981","0.000677507","210.82","0"
"77470","3122.38","3.16183","0.000587173","205.477","-0.00225835"
"77471","3142.48","3.17488","0.000880759","200.619","0.00677506"
"77472","3162.24","3.18592","0.000293587","193.818","-0.0112918"
"77473","3181.68","3.19815","0.00110659","196.733","0.00677506"
"77474","3200.95","3.21116","0.000293587","192.361","-0.00451671"
"77475","3220.41","3.21602","0.000677507","199.648","0.0248419"
"77476","3240.04","3.2273","0.000225836","195.762","-0.0112918"
"77477","3260.08","3.227","-0.000135501","205.963","0"
"77478","3301.6","3.23822","0.00117434","211.306","0.0112918"
"77479","3322.55","3.2778","0.00250677","208.391","0.00677506"
"77480","3343.03","3.34191","0.00368112","204.991","0.00903342"
"77481","3363.06","3.4141","0.00311653","194.304","-0.0271002"
"77482","3382.42","3.46141","0.00173893","193.333","-0.0180668"
"77483","3401.52","3.47545","0.0000451683","193.333","-0.0135501"
"77484","3420.8","3.46854","-0.000474253","190.904","-0.00225835"
"77485","3440.3","3.44814","-0.00167118","197.219","-0.0225835"
"77486","3460.49","3.3976","-0.00261969","203.048","0.0180668"
"77487","3480.81","3.36835","-0.000971091","204.991","0"
"77488","3501.28","3.3565","-0.0001355","205.477","-0.00225835"
"77489","3524","3.36781","0.000880759","208.391","0.00225835"
"77490","3544.08","3.39205","0.00142276","194.304","0.00451671"
"77491","3563.39","3.4288","0.00214544","193.818","-0.00225835"
"77492","3582.59","3.46671","0.00153568","190.904","-0.0158085"
"77493","3620.75","3.42378","-0.00309394","191.39","-0.0180668"
"77494","3640.13","3.34478","-0.00460704","193.333","-0.00903342"
"77495","3659.97","3.26143","-0.00361337","204.019","0.00903342"
"77496","3680.4","3.18871","-0.00352303","206.934","0.00903342"
"77497","3701.42","3.11954","-0.00271002","217.621","0.0180668"
"77498","3722.32","3.06539","-0.00250677","207.906","0.00451671"
"77499","3742.82","3.02618","-0.00135501","205.477","0.0112918"
"77500","3763.04","3.01067","-0.000248419","201.105","0.0135501"
"77501","3782.8","3.01845","0.000971092","192.847","0.0158085"
"77502","3802.34","3.0459","0.00144535","194.304","-0.00451671"
"77503","3821.66","3.07983","0.00221319","191.875","0.0112918"
"77504","3840.83","3.12809","0.00255194","190.904","-0.00677506"
"77505","3860.29","3.17944","0.00259711","195.762","-0.0158085"
"77506","3880.42","3.23006","0.00252936","205.963","0"
"77507","3901.34","3.28392","0.00252936","212.277","0.00225835"
"77508","3922.45","3.32608","0.0015131","212.277","-0.0112918"
"77509","3943.43","3.34381","0.000587172","205.477","-0.00225835"
"77510","3983.04","3.30271","-0.00255194","194.304","-0.0135501"
"77511","4002.31","3.23451","-0.00415537","193.333","-0.00903342"
"77512","4020.87","3.15387","-0.00365853","176.817","0.0225835"
"77513","4038.86","3.11158","-0.00160343","185.075","0.0112918"
"77514","4058.06","3.09135","-0.000632338","195.762","0.00225835"
"77515","4078.13","3.08372","-0.000203251","202.076","0.00451671"
"77516","4098.58","3.08459","0.000338754","208.877","0.0135501"
"77517","4119.6","3.09125","0.000406504","209.849","0"
"77518","4140.59","3.11889","0.00207769","208.391","0.0112918"
"77519","4161.09","3.15731","0.00180668","203.534","-0.00225835"
"77520","4180.97","3.19589","0.0020551","197.219","0"
"77521","4200.36","3.24113","0.00225836","192.361","-0.0135501"
"77522","4219.36","3.28009","0.0019196","190.904","0.00225835"
"77523","4258.1","3.36112","0.00246161","199.648","0.00677506"
"77524","4278.34","3.4155","0.00264228","203.534","-0.00677506"
"77525","4299.09","3.46954","0.00289069","208.877","0.0135501"
"77526","4319.59","3.54244","0.00401987","202.076","0.00451671"
"77527","4339.71","3.63332","0.00413279","204.991","-0.0271002"
"77528","4360.07","3.69066","0.0019196","202.076","-0.0180668"
"77529","4379.85","3.68845","-0.00214543","198.676","-0.038392"
"77530","4399.43","3.60256","-0.00618789","194.79","-0.0474254"
"77531","4418.87","3.46911","-0.00695573","195.276","0.00451671"
"77532","4438.3","3.33722","-0.00666214","192.361","0.00451671"
"77533","4457.68","3.22813","-0.00481029","195.276","0.0135501"
"77534","4477.17","3.16937","-0.00146793","201.105","0.0180668"
"77535","4497.15","3.15919","-0.0000225801","202.076","0.00451671"
"77536","4517.35","3.16486","0.000451674","206.934","0"
"77537","4538.14","3.17196","0.000248422","208.391","-0.00225835"
"77538","4558.34","3.1724","-0.000135498","197.219","0"
"77539","4577.83","3.17179","-0.000135498","190.418","-0.0180668"
"77540","4597.1","3.16374","-0.000632336","190.418","-0.00451671"
"77541","4616.28","3.1595","0.000203255","191.875","0.00225835"
"77542","4635.48","3.16032","-0.0000225801","197.219","0"
"77543","4657.26","3.16866","0.00067751","201.105","-0.0135501"
"77544","4677.31","3.17961","0.000429091","207.42","-0.00225835"
"77545","4697.84","3.18513","0.000203255","208.877","0"
"77546","4718.68","3.19771","0.00126468","210.334","0.0248419"
"77547","4739.69","3.236","0.00232611","209.849","0.0180668"
"77548","4760.36","3.29503","0.00298103","207.42","0.00677506"
"77549","4780.37","3.36114","0.00365854","195.276","0.00903342"
"77550","4799.66","3.43865","0.00352304","191.39","-0.031617"
"77551","4838","3.48891","-0.000519418","194.79","-0.0203252"
"77552","4857.71","3.4664","-0.00169376","199.648","-0.00677506"
"77553","4877.59","3.4278","-0.00230352","205.477","-0.00677506"
"77554","4898.43","3.36097","-0.00372628","206.934","0.00451671"
"77555","4919.06","3.28972","-0.00359078","204.505","-0.00677506"
"77556","4939.6","3.22414","-0.00295844","203.534","-0.00225835"
"77557","4959.87","3.17469","-0.00223577","200.133","-0.00903342"
"77558","4979.35","3.12857","-0.00234869","187.018","0.00225835"
"77559","4997.93","3.09649","-0.00160343","186.532","-0.00451671"
"77560","5016.92","3.07349","-0.00115176","193.333","0"
"77561","5035.79","3.04993","-0.00128726","187.018","0.00225835"
"77562","5054.82","3.02958","-0.00106142","192.847","-0.00677506"
"77563","5074.59","3.00425","-0.00135501","200.619","0.00225835"
"77564","5095.07","2.99033","-0.0000225805","208.391","0.00225835"
"77565","5116.03","2.99129","0.0000903372","210.82","0.00451671"
"77566","5137.36","2.99774","0.000451674","214.22","0.00225835"
"77567","5178.76","3.05371","0.00300361","205.477","0.0429087"
"77568","5198.76","3.15135","0.00607498","201.105","0.0135501"
"77569","5218.17","3.2793","0.00693315","193.333","0.0135501"
"77570","5237.46","3.40734","0.00623306","192.361","0.00451671"
"77571","5256.76","3.51697","0.00539747","192.847","-0.0112918"
"77572","5276.14","3.61164","0.00420054","195.762","-0.0112918"
"77573","5315.65","3.73233","0.00255194","205.963","-0.0135501"
"77574","5336.66","3.78045","0.00187444","212.277","-0.0112918"
"77575","5357.61","3.80608","0.000880762","209.849","0"
"77576","5378.36","3.80658","-0.0004065","206.448","0.00225835"
"77577","5398.24","3.78128","-0.00214543","199.162","-0.0135501"
"77578","5417.67","3.72073","-0.00386178","191.875","-0.0203252"
"77579","5436.83","3.64188","-0.00401987","190.904","0.00225835"
"77580","5454.82","3.59118","-0.00176151","183.618","0.0271002"
"77581","5473.04","3.57222","-0.000609751","191.39","0"
"77582","5513.25","3.56845","0.0000451715","204.991","0.00451671"
"77583","5534.14","3.5747","0.000338757","210.334","-0.00677506"
"77584","5555.2","3.58026","0.000338757","205.963","0.00451671"
"77585","5575.79","3.60692","0.00155827","201.105","-0.0180668"
"77586","5595.86","3.63254","0.00126468","199.162","0"
"77587","5615.45","3.66122","0.00167119","196.247","0.00903342"
"77588","5634.71","3.69587","0.00155827","191.875","-0.00677506"
"77589","5653.93","3.72485","0.00135502","193.818","-0.00677506"
"77590","5673.58","3.75595","0.00189702","202.076","0.0135501"
"77591","5693.74","3.79999","0.00257453","200.133","0.0180668"
"77592","5714.39","3.86181","0.00307137","208.391","0.00225835"
"77593","5735.22","3.93612","0.00411021","206.934","0.0135501"
"77594","5755.41","4.03876","0.00539747","201.591","-0.0158085"
"77595","5775.53","4.12418","0.00273261","198.676","-0.0429087"
"77596","5797.5","4.14928","-0.0000451616","198.676","-0.0203252"
"77597","5817.33","4.12569","-0.0024616","195.276","-0.0361337"
"77598","5837","4.04662","-0.00526196","196.247","-0.0225835"
"77599","5856.51","3.93855","-0.00530713","199.162","0.0225835"
"77600","5875.86","3.83983","-0.0046522","192.361","0.0225835"
"77601","5895.28","3.77561","-0.00252935","195.276","0.00903342"
"77602","5915.01","3.74832","-0.000474249","198.19","0.0135501"
"77603","5935","3.74978","0.000316175","202.076","0.00903342"
"77604","5955.23","3.75941","0.000361342","205.963","-0.00451671"
"77605","5975.52","3.76002","-0.00103884","199.648","-0.0248419"
"77606","5994.92","3.71249","-0.00356819","187.989","-0.0203252"
"77607","6014.01","3.63517","-0.00460704","192.361","-0.0135501"
"77608","6033.11","3.54414","-0.00471995","187.504","0"
"77609","6052.35","3.47726","-0.00257452","193.333","0.0180668"
"77610","6071.88","3.43842","-0.00144534","199.162","0.0135501"
"77611","6092.17","3.43265","0.000248425","202.076","0.00903342"
"77612","6112.81","3.44239","0.000654928","209.849","0.00451671"
"77613","6133.79","3.46531","0.00144535","211.306","0.0112918"
"77614","6154.83","3.51578","0.00307137","211.306","0.0112918"
"77615","6175.45","3.59462","0.00449413","204.991","0.00903342"
"77616","6195.57","3.69059","0.00476513","200.133","-0.00451671"
"77617","6215.06","3.78535","0.00499097","192.847","0.00677506"
"77618","6233.87","3.87644","0.00431346","187.989","-0.0112918"
"77619","6252.78","3.93977","0.00237128","195.762","-0.0158085"
"77620","6272.13","3.96967","0.000948514","197.705","-0.0112918"
"77621","6292.24","3.97904","-0.000338748","202.076","-0.0225835"
"77622","6312.57","3.96477","-0.00103884","207.42","-0.00225835"
"77623","6333.64","3.92614","-0.00221318","211.792","0.0135501"
"77624","6354.33","3.87508","-0.00282294","207.906","0"
"77625","6374.67","3.81601","-0.00293585","201.591","-0.00225835"
"77626","6394.54","3.76331","-0.00237127","197.219","0.00903342"
"77627","6413.38","3.71958","-0.00185184","181.189","0.0248419"
"77628","6431.76","3.69511","-0.00119692","187.018","0.00677506"
"77629","6450.7","3.68047","-0.000745251","189.447","-0.00903342"
"77630","6469.76","3.67006","-0.000451665","193.333","0.00451671"
"77631","6489.22","3.66626","-0.000203246","197.219","-0.00451671"
"77632","6509.57","3.66121","-0.000225829","205.477","-0.00225835"
"77633","6530.35","3.67535","0.00115177","205.963","-0.0135501"
"77634","6551.47","3.70326","0.00130985","211.306","-0.00677506"
"77635","6572.55","3.73649","0.00169377","208.877","0"
"77636","6592.96","3.77894","0.00212286","199.162","0"
"77637","6612.64","3.82198","0.00221319","195.762","0.00677506"
"77638","6632","3.87143","0.00271003","194.304","-0.00451671"
"77639","6651.14","3.93021","0.00345529","193.333","0.00451671"
"77640","6670.55","3.99756","0.0034327","197.219","0.0180668"
"77641","6690.3","4.06634","0.00377146","198.676","0.0158085"
"77642","6710.33","4.14144","0.00341012","199.162","-0.0180668"
"77643","6730.34","4.2076","0.0031617","198.676","-0.00225835"
"77644","6750.84","4.2783","0.00336495","210.334","-0.00225835"
"77645","6772","4.33772","0.00203252","209.363","-0.0248419"
"77646","6792.79","4.36409","0.000383926","202.562","-0.0293586"
"77647","6832.32","4.27686","-0.00528454","193.333","-0.0271002"
"77648","6851.15","4.14945","-0.00770098","185.561","-0.00451671"
"77649","6869.27","4.02626","-0.00532971","177.303","0.0474254"
"77650","6887.45","3.95573","-0.00311652","185.075","0.0158085"
"77651","6906.44","3.91134","-0.00198735","201.591","-0.00225835"
"77652","6928.86","3.87674","-0.00137759","206.934","-0.00451671"
"77653","6949.81","3.8519","-0.00115175","212.277","-0.0112918"
"77654","6970.82","3.83354","-0.000948503","209.849","-0.00903342"
"77655","6991.53","3.81693","-0.000496832","205.477","0.0158085"
"77656","7031.03","3.83563","0.000654929","190.904","0.00677506"
"77657","7050.35","3.85651","0.00130985","188.475","-0.00903342"
"77658","7069.48","3.87723","0.00085818","190.418","0"
"77659","7088.75","3.8897","0.000496844","194.79","0.00677506"
"77660","7108.61","3.90419","0.000880764","204.505","-0.0112918"
"77661","7128.92","3.93392","0.00198736","207.906","0.0135501"
"77662","7149.84","3.98287","0.0026197","214.22","0.0158085"
"77663","7170.72","4.04891","0.00368112","205.963","0.00903342"
"77664","7190.97","4.1256","0.00363596","198.676","0.00225835"
"77665","7210.38","4.1897","0.00250678","195.762","-0.0158085"
"77666","7230.19","4.21948","0.000632345","197.219","-0.0180668"
"77667","7250.14","4.21057","-0.00164859","196.733","-0.0203252"
"77668","7269.78","4.1665","-0.00291327","199.162","-0.0225835"
"77669","7290.11","4.09492","-0.00289069","195.276","0.0225835"
"77670","7310.52","4.02094","-0.00460704","201.591","-0.0112918"
"77671","7330.66","3.92722","-0.00458445","201.105","0.0135501"
"77672","7350.62","3.84711","-0.00379403","201.105","0.00451671"
"77673","7369.8","3.7867","-0.00266485","187.989","0.0112918"
"77674","7388.89","3.74242","-0.00216801","188.961","0.0112918"
"77675","7408.3","3.70722","-0.00176151","193.818","0.00225835"
"77676","7427.44","3.6758","-0.00158084","189.447","-0.00451671"
"77677","7466.21","3.61506","-0.00171634","195.276","0.00451671"
"77678","7486.33","3.6065","0.000496844","211.306","0.00677506"
"77679","7506.14","3.56843","-0.00386178","187.989","-0.00677506"
"77680","7526.07","3.51528","-0.00189701","205.963","0.00903342"
"77681","7547.21","3.48149","-0.00140017","217.621","0.0135501"
"77682","7569.38","3.4664","0.000248425","223.45","0.0361337"
"77683","7591.14","3.50069","0.00223578","211.792","0.00903342"
"77684","7611.79","3.55166","0.00239386","202.562","-0.00677506"
"77685","7632.09","3.59835","0.00228094","199.648","-0.00225835"
"77686","7651.91","3.64459","0.00232611","195.276","0"
"77687","7671.12","3.69178","0.00194219","184.103","-0.038392"
"77688","7689.37","3.69206","-0.00144534","183.618","-0.0225835"
"77689","7708.4","3.6341","-0.00453929","194.304","-0.0225835"
"77690","7728.05","3.52748","-0.00593947","194.79","-0.00677506"
"77691","7748.06","3.41286","-0.00544263","204.019","0.0135501"
"77692","7768.8","3.33309","-0.00377144","170.016","-0.144535"
"77693","7787.65","3.28703","-0.00169376","197.219","0.031617"
"77694","7807.32","3.26697","-0.000541999","198.19","0.00903342"
"77695","7827.5","3.27332","0.000971098","204.505","0.0203252"
"77696","7847.53","3.29742","0.00126468","196.733","0.0112918"
"77697","7867.48","3.32058","0.000971099","197.705","-0.00225835"
"77698","7887.55","3.3372","0.000451677","198.676","-0.00677506"
"77699","7907.18","3.34235","0.000112924","195.276","0.00451671"
"77700","7927.11","3.35201","0.000813014","201.591","0.00225835"
"77701","7947.47","3.35151","-0.000903335","207.906","-0.00903342"
"77702","7967.97","3.32197","-0.00228093","204.991","-0.0135501"
"77703","7987.83","3.26981","-0.00268743","196.247","0.00903342"
"77704","8007.39","3.22679","-0.0020551","191.39","-0.0135501"
"77705","8026.32","3.18269","-0.00252935","188.475","0"
"77706","8045.4","3.1329","-0.00264227","192.361","0"
"77707","8066.69","3.09026","-0.00133242","194.79","0.0158085"
"77708","8086.37","3.08766","0.000925932","199.648","0.0248419"
"77709","8106.7","3.12332","0.00225836","204.505","0.00225835"
"77710","8127.28","3.19181","0.00415538","205.963","0.0180668"
"77711","8147.63","3.28635","0.00501355","200.133","0"
"77712","8167.75","3.39634","0.00519422","206.448","-0.00225835"
"77713","8188.6","3.48261","0.00325204","209.363","-0.00677506"
"77714","8209.09","3.51942","0.000474262","201.591","-0.0203252"
"77715","8229.05","3.5015","-0.00216801","195.762","-0.038392"
"77716","8248.8","3.43758","-0.00388436","194.79","-0.0112918"
"77717","8268.02","3.33613","-0.00605238","191.39","0"
"77718","8286.72","3.22744","-0.00496837","185.561","0.0361337"
"77719","8305.43","3.16692","-0.00189701","191.39","0.0225835"
"77720","8324.54","3.1453","-0.000700083","189.447","0.0135501"
"77721","8344.48","3.13498","-0.000519415","202.562","0.0112918"
"77722","8365.47","3.12193","-0.000971086","211.306","-0.0112918"
"77723","8386.31","3.10112","-0.000903335","204.505","0.0112918"
"77724","8406.78","3.08131","-0.00119692","202.076","-0.00451671"
"77725","8426.68","3.05773","-0.000880752","195.762","0.0203252"
"77726","8446.23","3.04579","-0.000993669","194.304","-0.0225835"
"77727","8465.39","3.02463","-0.00106142","194.304","0.00903342"
"77728","8484.66","3.01345","-0.000609749","191.875","-0.00677506"
"77729","8503.88","2.99834","-0.000925918","191.875","-0.00225835"
"77730","8523.83","2.97833","-0.00103884","205.477","0.00225835"
"77731","8544.3","2.96585","-0.000203245","205.963","0.00903342"
"77732","8565.16","2.97944","0.00133244","209.849","0.0135501"
"77733","8586.16","3.02169","0.00246161","207.906","0.00903342"
"77734","8606.47","3.08818","0.00417796","197.705","0.0248419"
"77735","8626.07","3.16826","0.00322945","192.847","-0.0293586"
"77736","8645.51","3.19869","0.000158091","196.247","-0.0180668"
"77737","8664.88","3.17704","-0.00194218","194.79","-0.0112918"
"77738","8684.43","3.11549","-0.00422312","193.333","-0.0135501"
"77739","8704.08","3.01664","-0.0057588","198.19","-0.0135501"
"77740","8724.2","2.9017","-0.00435862","199.648","0.0564588"
"77741","8744.49","2.83687","-0.00277777","205.963","0.0135501"
"77742","8765.2","2.79141","-0.00178409","204.991","0.00903342"
"77743","8785.88","2.77015","-0.00074525","204.505","-0.00225835"
"77744","8805.71","2.75232","-0.000609748","193.333","0.0135501"
"77745","8824.79","2.74686","0.0000225908","194.304","0.0180668"
"77746","8900.76","2.69088","-0.00162601","199.648","0.00677506"
"77747","8920.58","2.6727","-0.000654915","200.619","0.00677506"
"77748","8941.19","2.65902","-0.000677499","205.963","0"
"77749","8962.33","2.65626","0.0000451744","210.82","0.00451671"
"77750","8983.44","2.65608","0.0000903415","208.877","0.00903342"
"77751","9004.3","2.66905","0.00117435","204.019","0.0135501"
"77752","9024.76","2.70825","0.00230353","201.591","0.0112918"
"77753","9044.71","2.76338","0.00300362","197.705","-0.00225835"
"77754","9064.24","2.8203","0.00284553","192.361","0.00451671"
"77755","9083.32","2.8788","0.00318429","189.932","0.00225835"
"77756","9102.14","2.93279","0.0024842","189.932","-0.00677506"
"77757","9121.17","2.96777","0.00119693","194.304","0"
"77758","9141.17","2.98681","0.000700097","200.619","-0.0112918"
"77759","9161.92","2.99789","0.0000225909","207.42","-0.0158085"
"77760","9182.98","2.99813","-0.0000903268","209.363","-0.00225835"
"77761","9206.21","2.98904","-0.000722666","205.477","-0.0112918"
"77762","9226.42","2.95704","-0.00212285","197.219","-0.0135501"
"77763","9246.16","2.90141","-0.00327461","197.219","-0.00451671"
"77764","9265.62","2.82091","-0.00483287","193.818","-0.0158085"
"77765","9283.99","2.72081","-0.00467478","176.817","0.0406504"
"77766","9302.07","2.65499","-0.0028681","187.989","0.0203252"
"77767","9321.18","2.60882","-0.00214543","190.418","0.00451671"
"77768","9340.93","2.57264","-0.00151309","199.648","0.0158085"
"77769","9361.37","2.54313","-0.00149051","208.877","0.00451671"
"77770","9382.37","2.51816","-0.000541997","208.391","0.0248419"
"77771","9403.48","2.52405","0.000316177","210.334","-0.00225835"
"77772","9424.11","2.53457","0.000700098","204.019","0.00451671"
"77773","9444.27","2.55806","0.00169377","196.733","-0.00225835"
"77774","9463.66","2.58737","0.0013776","194.79","-0.00677506"
"77775","9482.86","2.61269","0.00146794","193.333","0.0135501"
"77776","9502.07","2.64591","0.00194219","191.39","0.00451671"
"77777","9521.27","2.67739","0.000632347","194.304","-0.0225835"
"77778","9540.87","2.66016","-0.00185184","199.648","-0.0158085"
"77779","9561.21","2.62349","-0.00124209","204.505","0.0248419"
"77780","9581.54","2.6202","0.00058718","204.019","0.00451671"
"77781","9602.45","2.63115","0.000316177","210.334","0.00225835"
"77782","9623.36","2.63677","0.00027101","208.877","0.00451671"
"77783","9643.69","2.63062","-0.000767833","202.562","-0.00225835"
"77784","9663.6","2.59389","-0.00275518","197.219","-0.00903342"
"77785","9683.16","2.52671","-0.00413278","190.418","-0.0225835"
"77786","9702.36","2.4266","-0.00580396","191.39","-0.00451671"
"77787","9721.2","2.32349","-0.00456187","188.475","0.031617"
"77788","9759.67","2.21801","-0.00130984","197.705","0.0158085"
"77789","9779.74","2.19646","-0.000813001","206.934","0.0180668"
"77790","9800.52","2.17541","-0.00117434","201.105","0"
"77791","9820.6","2.15269","-0.001084","196.733","0.00225835"
"77792","9840.55","2.12702","-0.00153567","196.733","-0.00225835"
"77793","9860.19","2.10018","-0.000858168","193.818","0.0248419"
"77794","9879.65","2.08999","-0.000700083","194.79","-0.00677506"
"77795","9899.09","2.07578","-0.000496831","198.19","0.0135501"
"77796","9918.84","2.0789","0.000158091","200.133","0"
"77797","9938.73","2.07795","-0.000112911","202.076","0.00451671"
"77798","9959.23","2.07443","0.00000000667933","204.991","0.0135501"
"77799","9979.97","2.08917","0.00135502","204.991","0.0135501"
"77800","10000.8","2.1355","0.00293587","207.906","0.0180668"
"77801","10021.2","2.20718","0.00408763","199.648","0.0203252"
"77802","10041.2","2.29462","0.00399729","195.762","-0.0248419"
"77803","10060.8","2.34714","0.00153569","191.39","-0.0225835"
"77804","10080","2.34412","-0.00140017","191.39","-0.0271002"
"77805","10099.4","2.30071","-0.0027326","196.733","-0.00225835"
"77806","10119.1","2.22673","-0.0045167","196.247","-0.0135501"
"77807","10159.5","2.02468","-0.00413278","201.105","0.0180668"
"77808","10200.1","1.91114","-0.00142276","203.534","0.0203252"
"77809","10220.4","1.8901","-0.000993669","199.162","-0.00451671"
"77810","10239.8","1.86314","-0.00106142","187.504","0.0135501"
"77811","10258.7","1.85082","-0.000248412","195.276","0.0135501"
"77812","10277.7","1.84153","-0.000654916","190.418","0.00451671"
"77813","10296.7","1.82142","-0.00117434","185.561","0.0135501"
"77814","10315.9","1.79738","-0.00155826","195.762","-0.00225835"
"77815","10336","1.78346","0.000225843","202.562","0.0158085"
"77816","10359.2","1.77562","-0.00176151","208.391","-0.0293586"
"77817","10380.3","1.72909","-0.00214543","210.82","0.0135501"
"77818","10401.1","1.7033","-0.000519414","201.591","0.00677506"
"77819","10421.1","1.69755","0.0000451744","198.19","0.00451671"
"77820","10440.8","1.69662","0.000067758","196.733","-0.00225835"
"77821","10460.2","1.70035","0.000451678","196.247","0.0135501"
"77822","10479.4","1.71485","0.000993683","191.875","0.0112918"
"77823","10506.9","2.71575","0.0394534","154.472","-0.171635"
"77824","10523","3.21081","0.0246838","164.187","-0.126468"
"77825","10556.5","3.58782","-0.00158084","174.388","-0.124209"
"77826","10574.6","3.45662","-0.0110208","186.532","-0.0722673"
"77827","10594.7","3.18537","-0.0143405","208.391","0.00677506"
"77828","10616.6","2.90496","-0.0108401","220.05","0.0158085"
"77829","10638.7","2.71139","-0.00691056","216.649","0.0361337"
"77830","10660.2","2.61567","-0.00275518","208.877","0.0271002"
"77831","10680.6","2.57889","-0.00151309","199.648","0.00225835"
"77832","10700.1","2.54176","-0.00225835","192.847","-0.0112918"
"77833","10719","2.48942","-0.00237126","172.931","0.0542005"
"77834","10736.1","2.465","-0.00124209","173.902","0"
"77835","10754.2","2.43966","-0.000903334","183.618","0.031617"
"77836","10773.5","2.43993","0.000474262","192.361","0.00451671"
"77837","10793.9","2.44955","0.000112925","208.877","-0.00451671"
"77838","10815.1","2.44194","-0.000451664","211.792","0.00903342"
"77839","10836.4","2.43501","-0.000383913","215.192","-0.00677506"
"77840","10857.3","2.42463","-0.000632332","205.963","0.00451671"
"77841","10877.5","2.4093","-0.000587165","200.133","0.0180668"
"77842","10897.3","2.41516","0.000203259","191.875","-0.0112918"
"77843","10916.2","2.40966","-0.000293579","188.961","0.00225835"
"77844","10935.1","2.40599","0.0000903412","190.418","0.0225835"
"77845","10954.5","2.41826","0.000971099","194.304","-0.00451671"
"77846","10974.7","2.44594","0.00169377","202.076","0.00903342"
"77847","10995.3","2.49956","0.00336495","205.477","0.0203252"
"77848","11015.9","2.59129","0.00551039","199.648","0.0248419"
"77849","11036.5","2.70426","0.00456188","207.42","-0.0293586"
"77850","11056.9","2.75671","0.0012421","203.534","-0.0248419"
"77851","11077.2","2.75361","-0.000903334","201.105","-0.0180668"
"77852","11097.1","2.70596","-0.00361336","198.676","-0.0158085"
"77853","11116.6","2.60823","-0.00607497","195.276","-0.0225835"
"77854","11136.1","2.48536","-0.0065718","189.447","-0.0180668"
"77855","11156.1","2.36294","-0.00499096","199.648","0.0203252"
"77856","11176.4","2.28632","-0.00282294","200.619","0.0203252"
"77857","11196","2.25872","-0.000135496","190.418","0.0225835"
"77858","11215.3","2.25601","-0.000496832","194.304","-0.0135501"
"77859","11234.8","2.23832","-0.000722668","195.276","0.00451671"
"77860","11254","2.22883","-0.00029358","193.333","0.00903342"
"77861","11273.2","2.20998","-0.00153567","189.932","-0.0158085"
"77862","11292.4","2.17406","-0.00182926","191.39","0.0180668"
"77863","11311.9","2.14043","-0.00162601","198.676","0.00677506"
"77864","11331.7","2.111","-0.00162601","199.648","-0.00677506"
"77865","11352","2.07807","-0.00151309","210.82","0.00451671"
"77866","11372.7","2.05688","-0.00099367","208.391","0.00225835"
"77867","11393.4","2.03504","-0.000654917","208.877","0.0225835"
"77868","11414.3","2.03821","0.0012421","214.706","0.0406504"
"77869","11435.3","2.08708","0.00325204","207.42","0.0248419"
"77870","11475.4","2.25524","0.00435863","194.79","-0.00677506"
"77871","11496.7","2.33445","0.00286811","190.904","-0.0248419"
"77872","11515.5","2.35754","-0.000090329","187.989","-0.0293586"
"77873","11534.4","2.3235","-0.00289069","194.304","-0.0180668"
"77874","11554.1","2.24622","-0.0042457","199.648","-0.00677506"
"77875","11574.5","2.15251","-0.00467479","211.306","0.0112918"
"77876","11595.1","2.06295","-0.00345528","210.82","0.031617"
"77877","11615.9","2.01564","-0.00121951","207.906","0.0180668"
"77878","11636.3","1.99917","-0.000451666","203.534","0.00677506"
"77879","11656.6","1.98869","-0.00047425","202.562","0.00677506"
"77880","11675.9","1.99493","0.000903346","185.075","-0.00677506"
"77881","11694.6","2.00399","-0.0000903293","186.532","-0.0180668"
"77882","11713.5","1.99273","-0.000496833","190.418","0"
"77883","11732.4","1.98056","-0.000609751","192.361","0.00451671"
"77884","11751.7","1.95328","-0.00203251","193.333","-0.00451671"
"77885","11771.6","1.90498","-0.00230352","198.676","0.0112918"
"77886","11792.1","1.86315","-0.00185184","207.42","-0.00225835"
"77887","11813.3","1.82739","-0.00173893","212.277","-0.00225835"
"77888","11834.4","1.7924","-0.00135501","209.849","0.0135501"
"77889","11855","1.77686","-0.000112912","204.019","0.00451671"
"77890","11875","1.77392","0.0000225889","195.762","0.00225835"
"77891","11894.6","1.77685","0.000316175","196.247","0"
"77892","11914","1.78712","0.000496843","194.79","-0.0112918"
"77893","11933.4","1.79931","0.00115177","195.762","0.0203252"
"77894","11952.6","1.82952","0.00200994","192.361","0.0180668"
"77895","11972.1","1.88131","0.00322945","191.39","0.00903342"
"77896","11991.9","1.94111","0.0026197","201.105","-0.00903342"
"77897","12012.4","1.97554","0.00112918","208.877","-0.00903342"
"77898","12033.4","1.98698","0.000429093","209.363","-0.00677506"
"77899","12054.2","1.98377","-0.000745251","207.42","-0.0112918"
"77900","12074.4","1.94903","-0.00237127","198.676","-0.0248419"
"77901","12094.3","1.89184","-0.00341011","197.705","-0.00677506"
"77902","12113.5","1.80773","-0.00519421","191.39","-0.0180668"
"77903","12132.6","1.70228","-0.00530713","186.046","0.0158085"
"77904","12150.6","1.65985","-0.000587166","180.217","0.0248419"
"77905","12169.3","1.65347","-0.000519415","193.333","-0.0271002"
"77906","12189.2","1.63776","-0.000451665","203.048","0.0180668"
"77907","12209.7","1.64051","0.000654929","206.934","0.0225835"
"77908","12230.5","1.64542","0.0000677567","208.877","0.00903342"
"77909","12251.1","1.64285","0.0000903403","204.019","0.0135501"
"77910","12271.4","1.64437","0.0000225896","200.619","0.00677506"
"77911","12291.3","1.64467","-0.000180662","195.276","-0.0135501"
"77912","12310.7","1.6397","-0.00029358","193.818","0.00677506"
"77913","12349.4","1.63256","-0.000338747","194.304","0"
"77914","12369.1","1.63109","0.000429093","203.048","0.0271002"
"77915","12389.3","1.64991","0.0015131","204.505","0.0203252"
"77916","12410.1","1.69083","0.0026197","210.334","0.0293586"
"77917","12430.8","1.7651","0.00465222","204.019","0.0361337"
"77918","12451.2","1.88263","0.00607498","204.019","-0.00451671"
"77919","12471.4","1.97086","0.00271003","198.19","-0.0451671"
"77920","12491.3","1.97909","-0.001084","200.133","-0.031617"
"77921","12511","1.93073","-0.00322944","196.733","-0.0203252"
"77922","12530.6","1.83449","-0.00623305","197.219","-0.0225835"
"77923","12550.1","1.70051","-0.00709122","197.219","0.00451671"
"77924","12569.6","1.58017","-0.00501354","194.304","0.0271002"
"77925","12589","1.51038","-0.00248418","193.818","0.0112918"
"77926","12608.9","1.47162","-0.000993667","199.162","0.031617"
"77927","12631.1","1.48819","0.00160344","198.19","0"
"77928","12651.3","1.51293","0.000564597","202.562","-0.0248419"
"77929","12671.5","1.51748","0.000429096","200.133","0.00903342"
"77930","12690.9","1.52316","0.0000451756","193.818","-0.0158085"
"77931","12710.2","1.50834","-0.00130984","192.847","-0.0158085"
"77932","12729.1","1.48148","-0.00112917","188.961","0.0112918"
"77933","12748.1","1.46753","-0.0000903258","187.989","0.0158085"
"77934","12767.6","1.46787","-0.000225827","198.19","-0.00451671"
"77935","12787.8","1.45583","-0.000429079","208.391","0.0293586"
"77936","12808.5","1.44401","-0.00088075","209.849","-0.00903342"
"77937","12829.3","1.42381","-0.000609747","209.363","0.00677506"
"77938","12850.1","1.42338","0.000564597","207.906","0.00451671"
"77939","12870.5","1.44531","0.00146794","203.048","0"
"77940","12890.5","1.48861","0.00300362","198.676","0.0158085"
"77941","12910.2","1.54871","0.00295845","197.705","-0.00225835"
"77942","12929.6","1.59807","0.00203253","192.847","-0.0203252"
"77943","12948.7","1.60881","-0.000654915","190.418","-0.0361337"
"77944","12967.9","1.571","-0.00284552","195.276","-0.0225835"
"77945","12987.8","1.49953","-0.00377144","200.619","-0.00677506"
"77946","13008.1","1.40446","-0.00569104","203.048","-0.031617"
"77947","13028.3","1.28108","-0.00578138","206.934","0.0180668"
"77948","13048.8","1.18057","-0.00404245","204.019","0.0180668"
"77949","13068.8","1.11038","-0.00320685","200.619","0.00225835"
"77950","13088.6","1.04706","-0.00302619","196.247","0.00451671"
"77951","13107.7","1.00864","-0.00106142","184.589","0.00903342"
"77952","13126.2","0.985849","-0.00164859","187.504","-0.00903342"
"77953","13145.1","0.949254","-0.00158084","190.904","0.0112918"
"77954","13164.1","0.926774","-0.000767833","191.875","0.0158085"
"77955","13183.8","0.903393","-0.00158084","195.762","-0.0112918"
"77956","13204","0.868795","-0.00155826","200.133","0.00903342"
"77957","13224.9","0.844998","-0.000971085","209.849","0"
"77958","13246","0.828578","-0.000858167","209.363","-0.00225835"
"77959","13266.8","0.813271","-0.00049683","203.534","0.00677506"
"77960","13287","0.810618","0.000383928","202.562","0.0203252"
"77961","13306.7","0.817189","0.00027101","195.762","-0.00225835"
"77962","13326.2","0.821639","0.000293594","193.818","-0.0112918"
"77963","13345.6","0.833338","0.000790431","197.705","0.00677506"
"77964","13365.2","0.850226","0.0013776","196.733","0.0203252"
"77965","13384.8","0.893979","0.0031617","193.818","0.0248419"
"77966","13405","0.97411","0.00424571","202.562","0.00677506"
"77967","13425.6","1.04149","0.00232611","205.963","-0.0225835"
"77968","13446.2","1.05454","-0.000632332","207.42","-0.0203252"
"77969","13466.6","1.02581","-0.00167118","202.562","-0.00225835"
"77970","13486.6","0.98263","-0.0024616","201.105","-0.00451671"
"77971","13526.2","0.862906","-0.00363594","193.333","-0.0225835"
"77972","13545.5","0.761359","-0.00605238","197.705","-0.00677506"
"77973","13565.4","0.645459","-0.00580396","197.219","-0.00903342"
"77974","13584.9","0.526806","-0.00668472","190.904","-0.0293586"
"77975","13603.6","0.37573","-0.00892049","182.16","-0.0248419"
"77976","13621.1","0.233644","-0.00560071","174.874","0.0632339"
"77977","13638.8","0.173224","-0.00198734","175.845","0.0271002"
"77978","13657.5","0.154786","-0.000722666","191.875","0.00225835"
"77979","13697.4","0.110481","-0.00117434","204.991","0"
"77980","13718.3","0.0897928","-0.00119692","209.363","-0.00677506"
"77981","13739.2","0.0579704","-0.00176151","210.82","-0.00451671"
"77982","13761.9","0.0175601","-0.00149051","205.963","0.00903342"
"77983","13781.9","-0.0218035","-0.00194218","200.133","0"
"77984","13802","-0.0558912","-0.00124209","203.048","0.0225835"
"77985","13822.2","-0.0717139","-0.000316163","201.591","0.0158085"
"77986","13842.4","-0.0705812","0.000813014","199.162","0.0271002"
"77987","13862.3","-0.0426934","0.00144535","197.705","-0.00677506"
"77988","13882.2","-0.0261611","0.000180675","194.79","-0.0203252"
"77989","13920.8","-0.140718","-0.00573621","192.847","-0.0248419"
"77990","13940.3","-0.277077","-0.00754289","197.705","-0.00225835"
"77991","13960.2","-0.447035","-0.00953025","201.105","-0.0225835"
"77992","13979.9","-0.62863","-0.00826557","194.304","0.0180668"
"77993","13999.8","-0.76469","-0.00553296","197.705","0.0248419"
"77994","14019.7","-0.86312","-0.0042457","198.19","0.0225835"
"77995","14040.1","-0.948387","-0.00399728","203.534","0.0293586"
"77996","14060.2","-1.00061","-0.00178409","200.133","0.00903342"
"77997","14080","-1.04304","-0.0027326","198.676","-0.0248419"
"77998","14099.6","-1.11315","-0.00365852","197.219","0.00903342"
"77999","14118.8","-1.1849","-0.00383919","190.418","0"
"78000","14137.9","-1.27426","-0.00542004","187.018","-0.0112918"
"78001","14156.9","-1.38631","-0.00593946","187.018","0.0158085"
"78002","14176.2","-1.49598","-0.00557812","196.247","0"
"78003","14196.2","-1.60173","-0.00535229","202.076","0.00451671"
"78004","14216.9","-1.71421","-0.00544262","214.706","0.00451671"
"78005","14238","-1.81985","-0.00476512","214.22","0.00677506"
"78006","14259","-1.91734","-0.00406503","209.363","0.0293586"
"78007","14279.5","-1.98493","-0.00255193","205.963","0.0225835"
"78008","14299.6","-2.02473","-0.00153567","200.619","0.0112918"
"78009","14319.3","-2.04965","-0.000767831","194.304","0.0135501"
"78010","14357.3","-2.06289","-0.000474245","186.046","-0.00225835"
"78011","14376.3","-2.08511","-0.00176151","191.875","-0.0158085"
"78012","14396","-2.13542","-0.00311652","200.619","-0.00677506"
"78013","14416.8","-2.21095","-0.00377144","212.763","0.0135501"
"78014","14438","-2.29355","-0.00413278","215.192","-0.00677506"
"78015","14459.4","-2.40053","-0.00544262","211.792","0"
"78016","14480.2","-2.51357","-0.00555554","201.591","-0.00677506"
"78017","14500","-2.63402","-0.0067073","194.304","-0.0271002"
"78018","14519.5","-2.7847","-0.00824298","194.304","-0.00451671"
"78019","14538.8","-2.95178","-0.00903341","189.447","-0.00903342"
"78020","14556.4","-3.08789","-0.00675247","181.189","0.0248419"
"78021","14574.5","-3.19912","-0.00517162","185.075","0.0293586"
"78022","14593.5","-3.27525","-0.00331977","189.932","0.0203252"
"78023","14613.4","-3.3429","-0.00383919","194.79","-0.00677506"
"78024","14634","-3.42615","-0.00397469","206.934","0.0225835"
"78025","14655.3","-3.49836","-0.00316169","217.135","-0.00225835"
"78026","14676.8","-3.56087","-0.00284552","213.735","0.00451671"
"78027","14697.7","-3.62021","-0.00268743","205.477","-0.00225835"
"78028","14717.9","-3.66926","-0.00219059","201.105","0.00903342"
"78029","14737.4","-3.71142","-0.00216801","194.79","-0.00677506"
"78030","14756.6","-3.75196","-0.00194218","193.333","0.00903342"
"78031","14775.7","-3.78461","-0.00151309","191.39","0.00451671"
"78032","14795.3","-3.81392","-0.0012195","199.162","0.0180668"
"78033","14815.4","-3.82773","-0.000225827","200.133","0.00903342"
"78034","14835.5","-3.81381","0.00185186","199.162","0.031617"
"78035","14855.9","-3.77378","0.00128727","206.934","-0.0225835"
"78036","14876.7","-3.78754","-0.00205509","208.877","-0.0180668"
"78037","14899.4","-3.86606","-0.00413278","203.534","-0.0203252"
"78038","14919.4","-3.96969","-0.0058943","199.648","-0.0203252"
"78039","14939.2","-4.11358","-0.00824298","199.648","-0.0112918"
"78040","14958.7","-4.28998","-0.00950766","194.79","-0.0112918"
"78041","14978","-4.48051","-0.0102078","190.904","-0.0158085"
"78042","14997.1","-4.66613","-0.00867207","192.847","0.0293586"
"78043","15015.9","-4.77168","-0.00370369","190.904","0.0293586"
"78044","15035.3","-4.83611","-0.00354561","198.676","-0.0248419"
"78045","15055.6","-4.9182","-0.00392953","207.42","0.00225835"
"78046","15076.2","-4.9924","-0.00345527","206.448","-0.00225835"
"78047","15096.5","-5.07268","-0.00435861","202.562","-0.00677506"
"78048","15116.3","-5.16198","-0.00444895","195.762","0.00677506"
"78049","15136","-5.25367","-0.00476512","191.875","-0.00225835"
"78050","15155.9","-5.35818","-0.00566846","196.733","-0.0112918"
"78051","15175.5","-5.47188","-0.00555554","194.79","0.0203252"
"78052","15194.8","-5.57167","-0.00532971","193.818","-0.00677506"
"78053","15214.3","-5.67809","-0.00528454","199.162","0.00451671"
"78054","15234.1","-5.77148","-0.00397469","203.534","0.0248419"
"78055","15254.5","-5.82847","-0.00173892","207.42","0.0293586"
"78056","15275.4","-5.84812","-0.000112907","207.906","0.0180668"
"78057","15295.8","-5.82687","0.00219061","198.676","0.0248419"
"78058","15315.8","-5.77135","0.0026197","199.162","-0.0135501"
"78059","15335.6","-5.75581","-0.000993665","197.705","-0.0429087"
"78060","15355.2","-5.82125","-0.00490062","199.162","-0.0271002"
"78061","15374.8","-5.93742","-0.00641371","197.219","-0.0180668"
"78062","15394.9","-6.09362","-0.00914632","206.934","-0.0225835"
"78063","15415","-6.29271","-0.00955283","208.391","0.0248419"
"78064","15435.2","-6.46733","-0.00779131","199.648","0.0112918"
"78065","15455","-6.59948","-0.00582654","197.705","0.00677506"
"78066","15475.1","-6.71407","-0.00542004","202.076","0.00903342"
"78067","15494.7","-6.79398","-0.00318427","191.875","0.0112918"
"78068","15513.9","-6.86539","-0.00435861","195.276","-0.0135501"
"78069","15533.1","-6.96094","-0.00494578","193.333","0"
"78070","15552.3","-7.05589","-0.00501353","192.847","-0.00677506"
"78071","15571.5","-7.1667","-0.00634596","189.447","-0.0135501"
"78072","15590.9","-7.29614","-0.00648146","192.361","0.0225835"
"78073","15610.8","-7.4237","-0.00625563","201.591","0.00677506"
"78074","15631.4","-7.54885","-0.00614271","205.963","0.00451671"
"78075","15652.3","-7.67881","-0.00612013","210.334","0.00677506"
"78076","15673.3","-7.79629","-0.00508128","208.877","0.00451671"
"78077","15693.9","-7.89286","-0.00411019","204.019","0.00903342"
"78078","15714","-7.96429","-0.00298102","199.648","0.00677506"
"78079","15733.7","-8.00981","-0.00196476","199.162","0.00451671"
"78080","15753.2","-8.04455","-0.00128725","194.304","0.0135501"
"78081","15772.5","-8.06221","-0.00051941","190.418","0.00903342"
"78082","15791.8","-8.06663","-0.0000903226","191.39","0"
"78083","15811.2","-8.07496","-0.000812996","193.818","-0.0203252"
"78084","15831.2","-8.11804","-0.00318427","204.019","-0.0225835"
"78085","15852.1","-8.20669","-0.00467478","211.306","-0.00225835"
"78086","15873.3","-8.31609","-0.00571362","213.735","-0.0135501"
"78087","15894.1","-8.4467","-0.00648146","207.906","0"
"78088","15914.5","-8.57994","-0.00659438","203.534","0.00225835"
"78089","15934.2","-8.72476","-0.00776873","194.79","-0.0158085"
"78090","15953.6","-8.87915","-0.00819781","191.875","-0.0112918"
"78091","15971.4","-8.98825","-0.00350044","170.502","0.038392"
"78092","15989","-9.03287","-0.00241643","183.132","-0.0203252"
"78093","16007.9","-9.08654","-0.0028681","197.705","0.0112918"
"78094","16029.9","-9.1414","-0.00228093","209.363","0.00677506"
"78095","16050.9","-9.20279","-0.00336494","213.249","-0.00677506"
"78096","16072.2","-9.27945","-0.00347785","211.792","0.00451671"
"78097","16093.5","-9.3541","-0.0034101","213.249","0.0112918"
"78098","16114.2","-9.42802","-0.00370369","202.562","0.00225835"
"78099","16134.1","-9.50152","-0.00356819","194.304","0.00451671"
"78100","16153.5","-9.56769","-0.00363594","188.961","-0.0158085"
"78101","16172.5","-9.63925","-0.00365852","188.961","0.00225835"
"78102","16191.5","-9.70381","-0.00309393","193.333","-0.00451671"
"78103","16210.9","-9.75219","-0.00214543","202.076","0.00903342"
"78104","16231.1","-9.7879","-0.00106142","206.934","0.0225835"
"78105","16251.6","-9.79633","0.000361348","207.42","0.0203252"
"78106","16272.1","-9.76493","0.0027552","203.534","0.0203252"
"78107","16292.8","-9.72844","0.000361348","207.42","-0.038392"
"78108","16313.3","-9.76717","-0.00359077","203.048","-0.0451671"
"78109","16333.6","-9.86207","-0.00530712","201.105","-0.0135501"
"78110","16353.4","-9.99388","-0.00788164","197.219","-0.031617"
"78111","16372.9","-10.1767","-0.0102755","196.733","-0.0158085"
"78112","16392.4","-10.3753","-0.00998191","194.304","0.0135501"
"78113","16411.1","-10.542","-0.00783648","188.961","0.0158085"
"78114","16430.2","-10.6692","-0.00512645","188.475","0.0406504"
"78115","16449.8","-10.7343","-0.00232609","199.162","0.0135501"
"78116","16470","-10.7914","-0.00356819","207.906","-0.0271002"
"78117","16490.8","-10.8741","-0.00374886","208.877","0.00903342"
"78118","16511.2","-10.9483","-0.00365852","202.562","-0.00677506"
"78119","16531.1","-11.0333","-0.00471995","195.276","-0.0135501"
"78120","16550.5","-11.1217","-0.00431344","194.79","0.0112918"
"78121","16569.8","-11.2042","-0.00415536","193.333","0.00903342"
"78122","16589.1","-11.2853","-0.0043812","190.904","-0.00677506"
"78123","16608.7","-11.3692","-0.00381661","202.076","0.0271002"
"78124","16628.6","-11.4456","-0.00406503","206.448","-0.00677506"
"78125","16648.9","-11.5303","-0.00388436","204.505","0.00677506"
"78126","16669.6","-11.5981","-0.00255193","209.363","0.0112918"
"78127","16690.4","-11.632","-0.000993665","209.363","-0.00225835"
"78128","16710.9","-11.6402","0.000474265","204.505","0.0203252"
"78129","16730.8","-11.6134","0.00167119","199.648","-0.0112918"
"78130","16769.5","-11.7074","-0.00666213","193.333","-0.031617"
"78131","16789","-11.8615","-0.00855915","198.19","-0.0135501"
"78132","16809","-12.031","-0.0080849","204.019","0.00451671"
"78133","16829.7","-12.2032","-0.0087624","212.277","-0.0158085"
"78134","16850.3","-12.3798","-0.00803973","205.963","0.00903342"
"78135","16870.8","-12.517","-0.00575879","202.562","0.0158085"
"78136","16890.9","-12.6217","-0.00490062","203.048","0.0135501"
"78137","16910.8","-12.719","-0.00460703","198.676","0.00677506"
"78138","16929.8","-12.784","-0.00271001","184.589","0.00451671"
"78139","16948.6","-12.8451","-0.00383919","189.932","-0.0158085"
"78140","16967.7","-12.9249","-0.00395211","194.304","0.00903342"
"78141","16986.8","-12.9991","-0.00383919","190.904","-0.0112918"
"78142","17006.3","-13.0865","-0.00503612","198.676","-0.0112918"
"78143","17025.5","-13.1883","-0.00501353","193.818","0.0158085"
"78144","17045.7","-13.2863","-0.0046522","200.619","-0.00225835"
"78145","17066.7","-13.3833","-0.00474253","209.363","-0.00225835"
"78146","17088","-13.4834","-0.00444895","213.249","0.0112918"
"78147","17109","-13.5609","-0.0030036","205.963","0.00451671"
"78148","17129.3","-13.6144","-0.00225834","201.105","0.00451671"
"78149","17149.2","-13.6556","-0.00180667","196.733","0.00225835"
"78150","17168.6","-13.6849","-0.0014905","194.304","-0.00451671"
"78151","17189.8","-13.7091","-0.000677495","193.333","0.00903342"
"78152","17209","-13.7158","0.0000451784","192.361","0.00451671"
"78153","17228.4","-13.7068","0.000677518","194.304","-0.00903342"
"78154","17248.3","-13.708","-0.000858163","202.562","-0.0203252"
"78155","17268.8","-13.7507","-0.00293585","206.934","-0.0271002"
"78156","17289.8","-13.8219","-0.00363594","207.906","-0.0180668"
"78157","17310.7","-14.2767","-0.00490062","1202.74","-4.67028"
"78158","17331.5","-14.4389","-0.00742997","197.705","0.0248419"
"78159","17351.1","-14.5793","-0.00742997","193.333","-0.0180668"
"78160","17370.5","-14.7405","-0.00912374","192.361","-0.0271002"
"78161","17389.9","-14.9296","-0.00977866","195.762","0.00677506"
"78162","17408.5","-15.102","-0.00761064","174.388","0.0474254"
"78163","17426.5","-15.2091","-0.00512645","185.075","0.0203252"
"78164","17445.6","-15.2893","-0.0031391","198.19","0.0271002"
"78165","17465.6","-15.3391","-0.00230351","204.991","-0.00903342"
"78166","17486.5","-15.403","-0.00365852","209.363","-0.0203252"
"78167","17507.4","-15.4791","-0.00352302","208.877","-0.00451671"
"78168","17528.3","-15.5531","-0.00336493","208.877","0.00451671"
"78169","17548.7","-15.6274","-0.00388436","206.448","-0.00225835"
"78170","17568.5","-15.7153","-0.00449411","195.762","0.00225835"
"78171","17587.7","-15.8009","-0.00487803","183.618","-0.0135501"
"78172","17606.4","-15.8932","-0.00474253","187.504","0.00903342"
"78173","17625.3","-15.9771","-0.00395211","192.361","0.0180668"
"78174","17644.9","-16.0404","-0.00295843","200.619","-0.00677506"
"78175","17665.4","-16.0861","-0.00153567","208.877","0.0135501"
"78176","17686.1","-16.0972","0.000542018","208.391","0.0203252"
"78177","17706.7","-16.0574","0.00271004","206.934","-0.00903342"
"78178","17727.4","-16.0342","-0.000496825","206.934","-0.031617"
"78179","17747.7","-16.0875","-0.00417794","202.562","-0.0293586"
"78180","17767.7","-16.1911","-0.00600721","195.762","-0.0293586"
"78181","17806.9","-16.5236","-0.0105239","197.219","-0.00903342"
"78182","17826.5","-16.7245","-0.0100045","190.904","-0.00677506"
"78183","17845.5","-16.9012","-0.00855915","193.818","0.0158085"
"78184","17864.7","-17.0475","-0.0061653","194.304","0.0361337"
"78185","17884.1","-17.132","-0.00352302","194.79","-0.00225835"
"78186","17904.3","-17.2113","-0.00456186","204.991","-0.0135501"
"78187","17924.7","-17.3098","-0.00449411","202.076","0.0135501"
"78188","17944.7","-17.399","-0.0045167","198.19","-0.00903342"
"78189","17964.4","-17.4985","-0.00542004","193.333","-0.00903342"
"78190","17983.7","-17.6024","-0.00521679","194.79","0.00677506"
"78191","18003","-17.7028","-0.0050587","194.304","0.00451671"
"78192","18022.4","-17.8032","-0.00539746","191.39","-0.00903342"
"78193","18042.4","-17.9103","-0.00499095","202.076","0.0135501"
"78194","18062.8","-18.0134","-0.0051942","206.448","-0.00225835"
"78195","18083.4","-18.12","-0.00474253","207.42","0.0112918"
"78196","18104.2","-18.2005","-0.0030036","210.334","0.0203252"
"78197","18145.2","-18.2562","0.000158094","200.133","0.0135501"
"78198","18164.9","-18.2356","0.00155827","197.219","-0.00451671"
"78199","18184.5","-18.2123","0.000406513","195.276","-0.0271002"
"78200","18203.7","-18.2393","-0.00291327","191.875","-0.0293586"
"78201","18223","-18.3306","-0.00600721","194.79","-0.0248419"
"78202","18263.4","-18.636","-0.00937216","212.763","-0.0271002"
"78203","18284.2","-18.8399","-0.00946249","206.448","0.0158085"
"78204","18304.8","-19.0074","-0.00709122","204.019","0.0180668"
"78205","18326.8","-19.1407","-0.00557812","198.676","-0.00225835"
"78206","18345.9","-19.2543","-0.0064363","177.303","-0.0112918"
"78207","18363.5","-19.3573","-0.00573621","181.189","-0.00677506"
"78208","18382.2","-19.4711","-0.0063008","192.361","0.00451671"
"78209","18401.8","-19.5867","-0.00508129","198.676","0.0203252"
"78210","18422","-19.6767","-0.00420053","204.019","0"
"78211","18442.6","-19.7711","-0.0047877","207.906","-0.00451671"
"78212","18463.4","-19.8659","-0.00429086","206.448","-0.00677506"
"78213","18484.4","-19.9497","-0.00370369","211.306","0.00225835"
"78214","18505.2","-20.0306","-0.00399728","206.448","-0.00677506"
"78215","18525.6","-20.1085","-0.00356819","202.562","0.00225835"
"78216","18545.4","-20.1761","-0.00338752","198.676","0.00225835"
"78217","18583.8","-20.285","-0.00230351","187.989","0.00225835"
"78218","18603.1","-20.3236","-0.00200992","193.333","0"
"78219","18622.1","-20.3533","-0.00101625","190.418","0.0135501"
"78220","18641.9","-20.3669","-0.000361326","203.534","0.00225835"
"78221","18662.1","-20.3647","0.000542016","201.105","0.00451671"
"78222","18682.5","-20.3514","0.00024843","210.334","-0.0158085"
"78223","18703.7","-20.3759","-0.00223576","215.678","-0.0180668"
"78224","18725","-20.4425","-0.00370369","210.82","-0.00903342"
"78225","18745.6","-20.5309","-0.00494578","203.534","-0.0112918"
"78226","18765.6","-20.6478","-0.00645888","196.733","-0.0203252"
"78227","18804.4","-20.9862","-0.0113143","192.847","-0.0248419"
"78228","18823.8","-21.2205","-0.0121499","195.762","0.0112918"
"78229","18842.3","-21.4208","-0.0083559","178.76","0.0587172"
"78230","18880.1","-21.6067","-0.00239385","199.162","0.0271002"
"78231","18900.5","-21.6459","-0.00196476","207.906","-0.00903342"
"78232","18921.4","-21.7076","-0.00365852","210.334","-0.0112918"
"78233","18942","-21.789","-0.00415536","204.505","-0.00677506"
"78234","18962.6","-21.8797","-0.00442636","204.991","0"
"78235","18982.4","-21.9754","-0.00508129","195.276","-0.00903342"
"78236","19001.9","-22.0744","-0.0047877","197.219","0.00903342"
"78237","19021","-22.1684","-0.00528454","188.961","-0.0112918"
"78238","19040.2","-22.2669","-0.00481028","193.333","0.00903342"
"78239","19060","-22.3514","-0.00359077","199.162","0.0180668"
"78240","19080.3","-22.4028","-0.00187442","208.391","0.0158085"
"78241","19101.3","-22.419","0.000225845","211.306","0.0203252"
"78242","19121.9","-22.3844","0.00295845","204.991","0.0135501"
"78243","19142.4","-22.3234","0.00194219","203.534","-0.0429087"
"78244","19162.4","-22.3398","-0.00318427","199.162","-0.0542005"
"78245","19182.3","-22.4437","-0.00645888","200.133","-0.0180668"
"78246","19202.1","-22.5786","-0.00715897","196.733","-0.00677506"
"78247","19221.7","-22.7351","-0.00887532","194.304","-0.0271002"
"78248","19241.5","-22.9231","-0.00975608","199.162","0.00903342"
"78249","19261.2","-23.1062","-0.00887532","195.762","0.00677506"
"78250","19280.7","-23.2645","-0.00754289","196.247","0.00451671"
"78251","19300.5","-23.3973","-0.00535229","196.247","0.0406504"
"78252","19320.3","-23.4719","-0.00316168","202.562","0.00225835"
"78253","19340.1","-23.5475","-0.00442636","197.219","-0.0135501"
"78254","19379.6","-23.7144","-0.00435861","193.333","-0.0180668"
"78255","19399","-23.8104","-0.00528454","193.333","0"
"78256","19418.1","-23.9077","-0.00490062","187.504","-0.00903342"
"78257","19437.6","-23.9996","-0.0045167","200.133","0.00903342"
"78258","19459.5","-24.1018","-0.0047877","203.048","-0.00451671"
"78259","19480.3","-24.196","-0.00408761","211.306","0.00225835"
"78260","19501","-24.2803","-0.00397469","208.877","0.00903342"
"78261","19521.8","-24.3443","-0.00239384","209.849","0.0225835"
"78262","19562.3","-24.3834","0.000451683","199.162","0.0135501"
"78263","19582.2","-24.3622","0.00119694","197.219","-0.00451671"
"78264","19601.9","-24.3445","0.000383933","193.818","-0.0158085"
"78265","19621.3","-24.3486","-0.00117433","193.818","-0.0248419"
"78266","19640.6","-24.3983","-0.00377144","193.818","-0.0293586"
"78267","19660.3","-24.4965","-0.00560071","204.505","0.00225835"
"78268","19680.6","-24.6144","-0.00602979","204.991","0"
"78269","19701.2","-24.7462","-0.00677505","207.906","0"
"78270","19721.9","-24.8808","-0.00612013","207.42","0.0158085"
"78271","19742.2","-24.9928","-0.0054652","198.19","-0.00903342"
"78272","19762","-25.1055","-0.00602979","196.733","-0.0158085"
"78273","19781.7","-25.2292","-0.00627821","194.79","-0.00225835"
"78274","19800.9","-25.3625","-0.00799456","188.475","-0.031617"
"78275","19818.9","-25.4937","-0.00668472","182.646","0.0135501"
"78276","19837.4","-25.5977","-0.00467478","185.075","0.0112918"
"78277","19856.5","-25.6789","-0.00415536","195.762","-0.00677506"
"78278","19876.6","-25.7765","-0.00521679","206.934","0"
"78279","19897.2","-25.8828","-0.00501353","209.363","-0.00225835"
"78280","19918.6","-25.9846","-0.00449411","215.192","0.00677506"
"78281","19939.7","-26.0783","-0.00431344","206.448","0.00225835"
"78282","19960","-26.1687","-0.00462961","202.076","0"
"78283","19979.6","-26.274","-0.00625563","195.276","-0.00903342"
"78284","19998.6","-26.4007","-0.0069783","189.447","-0.00903342"
"78285","20017.3","-26.5282","-0.00639113","183.132","0.00677506"
"78286","20036.4","-26.6416","-0.0056007","193.333","0.0135501"
"78287","20056.1","-26.7352","-0.00399727","198.19","0.0135501"
"78288","20076.2","-26.7947","-0.00214542","204.991","0.0135501"
"78289","20096.5","-26.8143","-0.000112905","201.591","0.00225835"
"78290","20117.2","-26.8192","-0.00097108","207.906","-0.031617"
"78291","20138.1","-26.8604","-0.00280035","210.82","-0.0135501"
"78292","20158.9","-26.9289","-0.00381661","207.906","-0.00451671"
"78293","20179.2","-27.0269","-0.00566846","203.048","-0.00903342"
"78294","20199.1","-27.1593","-0.00740739","198.19","-0.0135501"
"78295","20218.5","-27.3157","-0.00860432","190.904","-0.0203252"
"78296","20237.5","-27.4911","-0.00959799","187.018","0.00225835"
"78297","20255.7","-27.6431","-0.00630079","180.217","0.0474254"
"78298","20274.1","-27.7227","-0.00352302","190.418","0.00451671"
"78299","20293.6","-27.8036","-0.00474253","198.19","-0.0135501"
"78300","20314.1","-27.9015","-0.00435861","205.963","0.00451671"
"78301","20335","-27.9907","-0.00438119","207.906","-0.0180668"
"78302","20355.7","-28.0861","-0.00467478","204.505","0.00225835"
"78303","20375.8","-28.1729","-0.00404244","197.219","0"
"78304","20395.8","-28.2484","-0.0035456","198.676","0.00225835"
"78305","20415.3","-28.3224","-0.00397469","191.875","-0.00677506"
"78306","20434.6","-28.396","-0.00343268","197.219","0.00451671"
"78307","20454","-28.4664","-0.00399727","194.304","-0.0135501"
"78308","20473.7","-28.5416","-0.00345527","200.133","0.00903342"
"78309","20494","-28.6027","-0.00248418","200.133","0.00903342"
"78310","20514.7","-28.6341","-0.00106141","209.363","0.00225835"
"78311","20535.8","-28.6354","0.000767854","206.934","0.00903342"
"78312","20556.1","-28.5898","0.00320688","201.591","0.00677506"
"78313","20576.3","-28.5247","0.00219062","202.562","-0.038392"
"78314","20598.1","-28.5284","-0.00232609","196.247","-0.0406504"
"78315","20617.7","-28.6108","-0.00539745","196.247","-0.0180668"
"78316","20637.4","-28.7336","-0.00731705","200.133","-0.0225835"
"78317","20657.3","-28.9141","-0.00995933","198.676","0.00225835"
"78318","20677","-29.1043","-0.00894307","197.705","0.0248419"
"78319","20696.7","-29.2476","-0.00634596","194.79","0.0112918"
"78320","20716.6","-29.3542","-0.00508128","202.076","-0.00451671"
"78321","20736.9","-29.4391","-0.00293584","203.534","0.0248419"
"78322","20756.9","-29.4882","-0.00307135","199.648","-0.0293586"
"78323","20776.8","-29.5726","-0.00517161","196.733","-0.0158085"
"78324","20796.3","-29.6699","-0.00510386","193.333","-0.0180668"
"78325","20815.3","-29.7731","-0.00614271","189.932","-0.0203252"
"78326","20834.2","-29.8998","-0.00702346","185.075","-0.0112918"
"78327","20853.2","-30.0306","-0.00682021","190.904","-0.00225835"
"78328","20873","-30.1583","-0.00625562","201.591","-0.00225835"
"78329","20893.3","-30.2892","-0.00652663","204.019","0"
"78330","20914.4","-30.4186","-0.0057362","212.763","0.00451671"
"78331","20935.4","-30.5349","-0.00530712","209.363","0.00677506"
"78332","20956.1","-30.6252","-0.00374885","204.019","0"
"78333","20976.4","-30.6861","-0.00232609","201.591","0.0112918"
"78334","20996.3","-30.7227","-0.00144533","200.619","0.0158085"
"78335","21015.8","-30.7353","0.000022599","197.219","0.0271002"
"78336","21035.1","-30.7244","0.000767856","190.904","-0.00677506"
"78337","21054.3","-30.7121","-0.000158069","194.304","-0.0225835"
"78338","21073.7","-30.7395","-0.00268743","196.733","-0.0293586"
"78339","21093.8","-30.8215","-0.00517161","204.991","-0.0180668"
"78340","21114.4","-30.9367","-0.00582654","209.363","0.00225835"
"78341","21135.5","-31.0772","-0.00727188","211.792","0.00451671"
"78342","21156.2","-31.2311","-0.00727188","208.391","0.0158085"
"78343","21176.3","-31.3766","-0.00733963","200.619","0.00225835"
"78344","21196","-31.529","-0.00803972","194.304","-0.00903342"
"78345","21215.6","-31.6896","-0.00835589","194.79","0.00225835"
"78346","21233.7","-31.8204","-0.00621046","178.274","0.0158085"
"78347","21251.9","-31.9287","-0.00593945","189.447","0.00451671"
"78348","21270.9","-32.0274","-0.00458444","194.304","0.00451671"
"78349","21290.7","-32.1124","-0.00449411","200.619","-0.0158085"
"78350","21311.3","-32.2177","-0.00548778","206.934","-0.00903342"
"78351","21332.2","-32.3258","-0.00492319","209.849","0"
"78352","21353.5","-32.4246","-0.00444894","208.877","-0.00903342"
"78353","21374.2","-32.5155","-0.00431344","204.505","0.00677506"
"78354","21394.3","-32.5948","-0.00363593","199.648","0.00677506"
"78355","21433","-32.7334","-0.00345526","190.904","-0.0158085"
"78356","21452","-32.7892","-0.00241642","194.304","0.0135501"
"78357","21471.5","-32.8338","-0.00214542","196.733","0.0158085"
"78358","21491.6","-32.8645","-0.00108399","200.133","0"
"78359","21512","-32.8673","0.000632357","202.562","0.0158085"
"78360","21532.3","-32.8267","0.00216804","204.991","-0.0225835"
"78361","21553.3","-32.8075","-0.000519403","212.277","-0.0429087"
"78362","21574.6","-32.8489","-0.00264226","210.82","-0.00451671"
"78363","21594.9","-32.909","-0.0034101","198.676","-0.0203252"
"78364","21634","-33.1411","-0.00835589","195.762","-0.0158085"
"78365","21653","-33.3289","-0.0110659","189.447","-0.031617"
"78366","21672.1","-33.5583","-0.0124435","193.818","0.00677506"
"78367","21690.7","-33.7559","-0.00749772","181.189","0.0880758"
"78368","21709.3","-33.8323","-0.0025745","191.39","0.00451671"
"78369","21731.2","-33.8827","-0.0025745","205.963","-0.00903342"
"78370","21751.9","-33.9284","-0.00223575","208.391","-0.0158085"
"78371","21772.6","-33.9811","-0.00322943","206.934","-0.0271002"
"78372","21792.9","-34.0604","-0.00420052","201.105","0.00451671"
"78373","21812.8","-34.1443","-0.00458444","202.076","-0.00903342"
"78374","21833","-34.2331","-0.00456186","200.619","-0.0203252"
"78375","21852.5","-34.3287","-0.00521678","188.475","-0.00451671"
"78376","21871.9","-34.4257","-0.00503611","191.875","-0.00677506"
"78377","21952","-34.7874","-0.00182925","211.306","0.0248419"
"78378","21972.5","-34.7977","0.000654942","204.019","0.0361337"
"78379","21992.7","-34.7634","0.00191962","202.562","0.00225835"
"78380","22032.2","-34.7899","-0.00426827","191.875","-0.0429087"
"78381","22051.8","-34.8989","-0.00654921","194.304","-0.0180668"
"78382","22071.6","-35.0435","-0.00824297","200.619","-0.0248419"
"78383","22091.7","-35.2385","-0.0101626","203.534","0.00677506"
"78384","22132.1","-35.6033","-0.00731705","202.562","0.0248419"
"78385","22152.1","-35.7328","-0.00602979","204.505","0.0158085"
"78386","22172.1","-35.8375","-0.00417794","189.447","0.0361337"
"78387","22191.2","-35.9055","-0.00377143","190.418","-0.00451671"
"78388","22210.3","-35.9897","-0.00487803","192.847","-0.00225835"
"78389","22229.6","-36.0763","-0.00447152","190.904","-0.00677506"
"78390","22248.7","-36.1625","-0.00494578","194.304","-0.0135501"
"78391","22268","-36.2666","-0.00555553","193.818","-0.00225835"
"78392","22287.7","-36.3664","-0.00481028","198.676","0.00225835"
"78393","22308.2","-36.4557","-0.0042231","204.019","-0.00903342"
"78394","22329","-36.5447","-0.00426827","210.334","0.00677506"
"78395","22350.2","-36.6299","-0.00383918","210.82","0"
"78396","22370.7","-36.7079","-0.00379402","204.019","0.00903342"
"78397","22390.6","-36.7777","-0.0034101","197.705","0.00225835"
"78398","22410.1","-36.8344","-0.00250676","194.304","0"
"78399","22429.5","-36.882","-0.00239384","197.705","0.00225835"
"78400","22448.8","-36.9185","-0.00153566","194.304","0.0135501"
"78401","22487.6","-36.9563","-0.00119691","197.219","0"
"78402","22507.4","-36.9807","-0.00178408","200.133","-0.031617"
"78403","22528.1","-37.0357","-0.00343268","211.792","-0.0135501"
"78404","22549.3","-37.1142","-0.00397469","211.792","-0.00451671"
"78405","22570.4","-37.2153","-0.00528453","208.877","-0.00903342"
"78406","22590.9","-37.3359","-0.00616529","200.619","-0.0112918"
"78407","22610.7","-37.4749","-0.00785906","196.733","-0.0112918"
"78408","22629.9","-37.6534","-0.0102077","192.847","-0.00225835"
"78409","22649","-37.8586","-0.0106594","186.046","0.0203252"
"78410","22666.4","-37.9925","-0.00641371","177.303","0.0158085"
"78411","22684.7","-38.1046","-0.00614271","190.904","0.00677506"
"78412","22704.1","-38.2104","-0.00490061","198.676","0.00225835"
"78413","22724.3","-38.3073","-0.0050587","207.42","-0.00677506"
"78414","22745.4","-38.4265","-0.00593946","210.82","-0.00451671"
"78415","22766.5","-38.5418","-0.00523937","209.849","-0.00903342"
"78416","22787.6","-38.6432","-0.00465219","202.562","-0.00677506"
"78417","22827.4","-38.822","-0.00415536","194.304","0.00451671"
"78418","22846.4","-38.9047","-0.00451669","188.961","-0.00225835"
"78419","22867.1","-38.9905","-0.00395211","187.504","0.0135501"
"78420","22886.1","-39.0563","-0.00304876","196.733","0.00225835"
"78421","22905.9","-39.1117","-0.00255193","203.048","0.00903342"
"78422","22926.2","-39.1493","-0.00115175","205.477","0.0293586"
"78423","22966.7","-39.1115","0.00115177","203.048","-0.0361337"
"78424","22986.8","-39.1342","-0.00347785","197.705","-0.0564588"
"78425","23006.6","-39.2418","-0.0068428","195.762","-0.0203252"
"78426","23025.8","-39.3925","-0.00892048","188.961","-0.0293586"
"78427","23044.6","-39.5919","-0.0121273","188.475","-0.0361337"
"78428","23063.5","-39.8514","-0.0147922","189.447","-0.0180668"
"78429","23082.4","-40.1397","-0.0154923","186.532","0.00903342"
"78430","23101","-40.4083","-0.0137534","187.989","0.00225835"
"78431","23120.2","-40.6365","-0.00998191","197.219","0.0496838"
"78432","23140.1","-40.8048","-0.00788164","204.505","0.00677506"
"78433","23160","-40.9688","-0.00860431","202.076","-0.00451671"
"78434","23180.2","-41.1349","-0.00772356","202.076","0"
"78435","23200.1","-41.2863","-0.00770097","197.705","-0.0112918"
"78436","23239.1","-41.6096","-0.0082204","192.361","0"
"78437","23258.5","-41.766","-0.00790423","194.304","0.00903342"
"78438","23277.6","-41.9226","-0.00855915","194.79","-0.0158085"
"78439","23297.1","-42.0867","-0.00831073","194.79","-0.0112918"
"78440","23316.9","-42.2588","-0.00907857","197.219","-0.00903342"
"78441","23336.9","-42.445","-0.00912374","199.162","0.00903342"
"78442","23357.2","-42.6215","-0.00815265","203.048","0.0135501"
"78443","23377.6","-42.7716","-0.00700089","204.019","0.00451671"
"78444","23397.8","-42.898","-0.00551037","200.619","0.0158085"
"78445","23417.3","-42.9884","-0.00411019","191.39","-0.0135501"
"78446","23436.6","-43.071","-0.00487803","193.333","-0.0271002"
"78447","23455.7","-43.1985","-0.00831073","188.961","-0.0519421"
"78448","23494.5","-43.6422","-0.0130533","198.676","-0.0158085"
"78449","23514.9","-43.9335","-0.0155826","210.334","-0.0203252"
"78450","23535.3","-44.2625","-0.0158762","207.906","0.0225835"
"78451","23555.8","-44.5629","-0.0134372","205.963","0.031617"
"78452","23575.9","-44.812","-0.0116757","203.534","0.0112918"
"78453","23596","-45.0399","-0.0110208","198.19","0.00903342"
"78454","23615","-45.2228","-0.00896565","185.561","-0.00903342"
"78455","23633.8","-45.4033","-0.0104787","184.589","-0.0271002"
"78456","23652.6","-45.6116","-0.0110885","187.504","0"
"78457","23671.4","-45.8213","-0.0111788","190.904","0.00225835"
"78458","23690.6","-46.0509","-0.012579","195.762","-0.0293586"
"78459","23710.2","-46.2969","-0.0122628","198.676","0.0112918"
"78460","23730.6","-46.5457","-0.0119693","207.906","0.00903342"
"78461","23751.6","-46.7986","-0.0121273","207.906","0.00451671"
"78462","23772.7","-47.0561","-0.0118789","212.763","0.0135501"
"78463","23793.4","-47.2916","-0.0109078","204.019","0.00903342"
"78464","23833.1","-47.6915","-0.00912373","195.276","0.00903342"
"78465","23852.5","-47.8564","-0.00828814","194.79","0.0112918"
"78466","23871.8","-48.007","-0.00727188","196.733","0.0112918"
"78467","23891.1","-48.1383","-0.00648146","193.818","-0.00225835"
"78468","23910.7","-48.2559","-0.00571362","195.762","-0.00225835"
"78469","23930.4","-48.3727","-0.00598462","198.19","-0.00451671"
"78470","23950.7","-48.5182","-0.00840106","209.849","-0.031617"
"78471","23971.6","-48.7234","-0.0102529","210.82","-0.00451671"
"78472","23992.4","-48.9562","-0.0120144","205.477","-0.0248419"
"78473","24014.6","-49.2449","-0.0137534","197.705","-0.0203252"
"78474","24034.4","-49.5252","-0.0147696","194.79","-0.0158085"
"78475","24053.5","-49.8277","-0.0166215","190.904","-0.0112918"
"78476","24072.6","-50.1572","-0.0176377","189.932","-0.0112918"
"78477","24090.5","-50.4328","-0.0129178","173.417","0.038392"
"78478","24108.5","-50.6505","-0.012037","184.589","-0.00903342"
"78479","24127.4","-50.8787","-0.0117208","195.762","0.0203252"
"78480","24147.1","-51.0991","-0.0111337","202.076","-0.0135501"
"78481","24167.5","-51.336","-0.0121725","204.505","-0.0248419"
"78482","24188","-51.5867","-0.012037","202.562","0.00225835"
"78483","24208.3","-51.8323","-0.0118789","201.105","0.00903342"
"78484","24228.2","-52.069","-0.0119918","193.818","-0.00225835"
"78485","24247.8","-52.3084","-0.0121725","195.762","0.00677506"
"78486","24267.2","-52.5415","-0.0121499","194.304","0"
"78487","24286.5","-52.7785","-0.0121951","194.79","0.0112918"
"78488","24306","-53.0085","-0.0115176","197.219","-0.00451671"
"78489","24326","-53.2215","-0.0100045","202.076","0.00903342"
"78490","24346.7","-53.4153","-0.00851398","208.391","0.0158085"
"78491","24367.4","-53.5684","-0.00598462","201.591","0.0293586"
"78492","24388","-53.6644","-0.00424569","205.477","-0.0158085"
"78493","24408.6","-53.7851","-0.0075203","204.991","-0.0406504"
"78494","24428.7","-53.9844","-0.0114498","202.562","-0.0248419"
"78495","24448.5","-54.2337","-0.0131436","198.19","-0.0135501"
"78496","24468.1","-54.5115","-0.0150406","196.247","-0.0135501"
"78497","24487.6","-54.8256","-0.0169151","193.818","-0.0203252"
"78498","24507.2","-55.1529","-0.0163505","194.79","0.00225835"
"78499","24526.4","-55.4494","-0.0144534","194.304","0.0135501"
"78500","24546.1","-55.7231","-0.0130533","194.79","0.0474254"
"78501","24565.9","-55.9418","-0.00982382","199.648","0.0112918"
"78502","24586","-56.1431","-0.0105917","201.591","-0.0248419"
"78503","24606.2","-56.3673","-0.0109756","202.562","0.0158085"
"78504","24625.8","-56.5823","-0.0111337","193.818","-0.00677506"
"78505","24645.2","-56.8132","-0.0126016","190.418","-0.0225835"
"78506","24664","-57.0547","-0.0128274","185.561","0.00451671"
"78507","24682.8","-57.3031","-0.0132339","188.475","0.00903342"
"78508","24721.4","-57.8158","-0.0132565","201.591","0.0203252"
"78509","24741.6","-58.0699","-0.011495","195.276","0.0361337"
"78510","24761.8","-58.2256","-0.00471994","206.934","0.0542005"
"78511","24782.9","-58.2855","-0.00178408","211.792","0.0271002"
"78512","24803.9","-58.314","-0.00133241","205.963","-0.00451671"
"78513","24824.5","-58.3538","-0.00214542","201.105","0"
"78514","24844.4","-58.4003","-0.00293584","196.733","-0.0293586"
"78515","24864.3","-58.49","-0.00575878","197.705","-0.0248419"
"78516","24883.9","-58.6475","-0.00964315","194.79","-0.038392"
"78517","24903.2","-58.866","-0.0123758","198.676","-0.0112918"
"78518","24923","-59.1243","-0.0132339","203.534","0.0112918"
"78519","24961.8","-59.5448","-0.00686538","187.018","0.0203252"
"78520","24981.5","-59.67","-0.00602979","200.133","0"
"78521","25001.6","-59.8221","-0.00873981","202.562","-0.0158085"
"78522","25022","-60.0332","-0.0116983","198.19","-0.0406504"
"78523","25042.1","-60.2561","-0.0105013","203.534","0.00225835"
"78524","25061.9","-60.4782","-0.012037","200.133","-0.0135501"
"78525","25081.5","-60.7315","-0.0130307","195.762","0.0112918"
"78526","25100.8","-60.9829","-0.0132339","191.875","-0.0158085"
"78527","25120.4","-61.2526","-0.0140921","198.676","0.00225835"
"78528","25142.3","-61.5536","-0.013121","199.648","0.0112918"
"78529","25162.8","-61.8165","-0.0122628","206.448","0.0248419"
"78530","25183.5","-62.0593","-0.0113369","204.991","0.00451671"
"78531","25203.8","-62.2826","-0.0108627","199.162","-0.0135501"
"78532","25222.6","-62.4939","-0.0113369","153.986","0.0203252"
"78533","25235.1","-62.5744","0.00137761","120.954","0.210027"
"78534","25246.7","-62.4204","0.0227642","114.64","0.185185"
"78535","25263.1","-62.0827","0.0168925","152.043","-0.0519421"
"78536","25277","-61.8582","0.0150632","137.47","-0.0293586"
"78537","25289.9","-61.6782","0.0131662","123.869","-0.0248419"
"78538","25301.5","-61.5394","0.0106369","112.211","-0.0248419"
"78539","25311.9","-61.4401","0.00873986","97.1521","-0.0180668"
"78540","25321.1","-61.3636","0.0078591","89.38","-0.00903342"
"78541","25329.5","-61.3015","0.006617","81.6078","-0.0180668"
"78542","25342.7","-61.2519","0.000496863","53.4337","-0.0225835"
"78543","25347.4","-61.2548","-0.00158082","43.7185","-0.0225835"
"78544","25351.2","-61.2652","-0.00356817","34.489","-0.0158085"
"78545","25354.3","-61.2795","-0.00573619","27.2026","-0.0225835"
"78546","25356.7","-61.2962","-0.00803972","21.3735","-0.0225835"
"78547","25358.7","-61.3147","-0.0103432","18.9447","-0.0248419"
"78548","25360.2","-61.332","-0.01285","11.6583","-0.0271002"
"78549","25360.9","-61.3421","-0.0152213","4.37185","-0.0203252"
"78550","25361","-61.3438","-0.0157407","0","0"
"78551","25361","-61.3438","-0.0157407","0","0"
"78552","25361","-61.3438","-0.0157407","0","0"
"78553","25361","-61.3438","-0.0157407","0","0"
"78554","25361","-61.3438","-0.0157407","0","0"
"78555","25361","-61.3438","-0.0157407","0","0"
"78556","25361","-61.3438","-0.0157407","0","0"
"78557","25361","-61.3438","-0.0157407","0","0"
"78558","25361","-61.3438","-0.0157407","0","0"
"78559","25361","-61.3438","-0.0157407","0","0"
"78560","25361","-61.3438","-0.0157407","0","0"
"78561","25361","-61.3438","-0.0157407","0","0"
"78562","25361","-61.3438","-0.0157407","0","0"
"78563","25361","-61.3438","-0.0157407","0","0"
"78564","25361","-61.3438","-0.0157407","0","0"
"78565","25361","-61.3438","-0.0157407","0","0"
"78566","25361","-61.3438","-0.0157407","0","0"
"78567","25361","-61.3438","-0.0157407","0","0"
"78568","25361","-61.3438","-0.0157407","0","0"
"78569","25361","-61.3438","-0.0157407","0","0"
"78570","25361","-61.3438","-0.0157407","0","0"
"78571","25361","-61.3438","-0.0157407","0","0"
"78572","25361","-61.3438","-0.0157407","0","0"
"78573","25361","-61.3438","-0.0157407","0","0"
"78574","25361","-61.3438","-0.0157407","0","0"
"78575","25361","-61.3438","-0.0157407","0","0"
"78576","25361","-61.3438","-0.0157407","0","0"
"78577","25361","-61.3438","-0.0157407","0","0"
"78578","25361","-61.3438","-0.0157407","0","0"
"78579","25361","-61.3438","-0.0157407","0","0"
"78580","25361","-61.3438","-0.0157407","0","0"
"78581","25361","-61.3438","-0.0157407","0","0"
"78582","25361","-61.3438","-0.0157407","0","0"
"78583","25361","-61.3438","-0.0157407","0","0"
"78584","25361","-61.3438","-0.0157407","0","0"
"78585","25361","-61.3438","-0.0157407","0","0"
"78586","25361","-61.3438","-0.0157407","0","0"
"78587","25361","-61.3438","-0.0157407","0","0"
"78588","25361","-61.3438","-0.0157407","0","0"
"78589","25361","-61.3438","-0.0157407","0","0"
"78590","25361","-61.3438","-0.0157407","0","0"
"78591","25361","-61.3438","-0.0157407","0","0"
"78592","25361","-61.3438","-0.0157407","0","0"
"78593","25361","-61.3438","-0.0157407","0","0"
"78594","25361","-61.3438","-0.0157407","0","0"
"78595","25361","-61.3438","-0.0157407","0","0"
"78596","25361","-61.3438","-0.0157407","0","0"
"78597","25361","-61.3438","-0.0157407","0","0"
"78598","25361","-61.3438","-0.0157407","0","0"
"78599","25361","-61.3438","-0.0157407","0","0"
"78600","25361","-61.3438","-0.0157407","0","0"
"78601","25361","-61.3438","-0.0157407","0","0"
"78602","25361","-61.3438","-0.0157407","0","0"
"78603","25361","-61.3438","-0.0157407","0","0"
"78604","25361","-61.3438","-0.0157407","0","0"
"78605","25361","-61.3438","-0.0157407","0","0"
"78606","25361","-61.3438","-0.0157407","0","0"
"78607","25361","-61.3438","-0.0157407","0","0"
"78608","25361","-61.3438","-0.0157407","0","0"
"78609","25361","-61.3438","-0.0157407","0","0"
"78610","25361","-61.3438","-0.0157407","0","0"
"78611","25361","-61.3438","-0.0157407","0","0"
"78612","25361","-61.3438","-0.0157407","0","0"
"78613","25361","-61.3438","-0.0157407","0","0"
"78614","25361","-61.3438","-0.0157407","0","0"
"78615","25361","-61.3438","-0.0157407","0","0"
"78616","25361","-61.3438","-0.0157407","0","0"
"78617","25361","-61.3438","-0.0157407","0","0"
"78618","25361","-61.3438","-0.0157407","0","0"
"78619","25361","-61.3438","-0.0157407","0","0"
"78620","25361","-61.3438","-0.0157407","0","0"
