"15501","-0.0582913","0.00000877616","-0.000271002","0","0"
"15502","-0.0582913","0.00000877616","-0.000271002","0","0"
"15503","-0.0582913","0.00000877616","-0.000271002","0","0"
"15504","-0.0582913","0.00000877616","-0.000271002","0","0"
"15505","-0.0582913","0.00000877616","-0.000271002","0","0"
"15506","1.33583","-0.0054175","-0.00657181","28.6599","136"
"15507","6.41613","-0.0898226","-0.0234643","63.1489","50"
"15508","13.2372","-0.317849","-0.0407407","69.4638","246"
"15509","17.2754","-0.480998","-0.0385275","34.9748","29"
"15510","23.2461","-0.70494","-0.0375338","75.7787","228"
"15511","33.4098","-1.11007","-0.0420054","118.526","228"
"15512","60.8917","-2.42455","-0.0537036","139.899","228"
"15513","73.8027","-3.14331","-0.0565492","121.926","199"
"15514","85.4989","-3.83222","-0.0618789","112.696","242"
"15515","96.3421","-4.54343","-0.0681345","102.495","72"
"15516","106.266","-5.24312","-0.0724706","96.6664","100"
"15517","115.832","-5.96506","-0.0774163","96.1806","85"
"15518","124.877","-6.69045","-0.0820234","90.8372","44"
"15519","134.127","-7.47792","-0.0874208","94.7233","207"
"15520","143.831","-8.35723","-0.0927957","96.6664","100"
"15521","154.053","-9.33957","-0.0981706","106.382","15"
"15522","164.589","-10.4088","-0.103365","102.981","29"
"15523","174.274","-11.4347","-0.107091","91.323","199"
"15524","190.504","-13.2509","-0.115628","70.4353","15"
"15525","197.026","-14.0212","-0.119196","62.1774","228"
"15526","203.723","-14.8425","-0.12491","72.3783","249"
"15527","211.348","-15.8348","-0.132746","74.8071","58"
"15528","219.367","-16.9305","-0.138121","88.4084","114"
"15529","228.509","-18.2292","-0.143473","90.3515","29"
"15530","237.553","-19.5637","-0.149435","87.9227","207"
"15531","245.028","-20.7198","-0.157994","62.6631","50"
"15532","251.103","-21.7063","-0.163302","55.3767","114"
"15533","255.686","-22.4804","-0.171545","39.3466","50"
"15534","258.78","-23.0332","-0.18182","30.1172","114"
"15535","262.169","-23.6757","-0.190673","41.7754","228"
"15536","264.899","-24.2148","-0.197877","26.7168","72"
"15537","268.032","-24.8518","-0.202574","36.9178","1"
"15538","273.153","-25.9219","-0.209056","68.978","29"
"15539","283.069","-28.1","-0.221928","119.011","218"
"15540","309.35","-34.3636","-0.241441","143.785","1"
"15541","323.288","-37.8179","-0.24397","147.185","1"
"15542","337.831","-41.4528","-0.245686","150.586","85"
"15543","353.231","-45.3438","-0.248125","159.329","85"
"15544","369.663","-49.4969","-0.246703","178.274","58"
"15545","388.309","-54.1637","-0.244151","203.534","114"
"15546","408.65","-59.2042","-0.241802","216.649","199"
"15547","429.826","-64.4066","-0.240018","221.021","1"
"15548","451.126","-69.6137","-0.239431","215.678","228"
"15549","491.611","-79.4329","-0.237263","199.648","228"
"15550","510.917","-84.101","-0.237059","198.19","85"
"15551","530.041","-88.7183","-0.236879","194.79","228"
"15552","548.889","-93.2773","-0.237647","192.361","85"
"15553","567.859","-97.8706","-0.237601","196.247","0"
"15554","588.849","-102.954","-0.237737","195.276","228"
"15555","608.156","-107.64","-0.23846","199.648","228"
"15556","627.666","-112.374","-0.237534","204.019","228"
"15557","647.313","-117.124","-0.23715","203.534","85"
"15558","666.953","-121.879","-0.237918","205.963","85"
"15559","686.88","-126.707","-0.237579","208.877","228"
"15560","707.282","-131.639","-0.236879","212.763","228"
"15561","727.575","-136.528","-0.236134","208.877","228"
"15562","747.688","-141.374","-0.236788","204.991","228"
"15563","767.148","-146.087","-0.238505","198.19","29"
"15564","786.238","-150.741","-0.239792","190.904","58"
"15565","804.89","-155.306","-0.24004","192.361","228"
"15566","823.542","-159.868","-0.239611","194.304","228"
"15567","842.541","-164.505","-0.238979","197.219","228"
"15568","862.95","-169.43","-0.23514","214.22","199"
"15569","883.381","-174.305","-0.233785","207.42","29"
"15570","903.253","-179.05","-0.23523","201.105","29"
"15571","922.555","-183.696","-0.236427","197.705","29"
"15572","941.421","-188.244","-0.236811","193.818","85"
"15573","978.577","-197.258","-0.238866","192.361","0"
"15574","997.47","-201.857","-0.238979","193.333","85"
"15575","1016.67","-206.544","-0.239544","202.562","85"
"15576","1036.25","-211.323","-0.239318","201.591","29"
"15577","1056.29","-216.203","-0.23855","204.991","228"
"15578","1076.5","-221.118","-0.238392","207.906","228"
"15579","1096.91","-226.055","-0.236427","209.849","29"
"15580","1117.08","-230.894","-0.235095","205.477","29"
"15581","1136.75","-235.606","-0.235253","197.705","85"
"15582","1155.94","-240.205","-0.235343","195.762","228"
"15583","1174.88","-244.748","-0.235863","195.762","29"
"15584","1193.73","-249.299","-0.23776","192.847","1"
"15585","1212.43","-253.841","-0.238618","193.333","228"
"15586","1231.42","-258.478","-0.240379","197.219","85"
"15587","1250.48","-263.139","-0.239227","194.304","228"
"15588","1270.26","-267.947","-0.238369","205.477","29"
"15589","1290.47","-272.845","-0.237105","206.934","228"
"15590","1310.7","-277.717","-0.23593","207.42","228"
"15591","1330.42","-282.453","-0.235456","199.648","85"
"15592","1349.21","-286.956","-0.235501","192.847","1"
"15593","1367.27","-291.307","-0.237466","186.046","1"
"15594","1384.98","-295.615","-0.239227","181.674","228"
"15595","1402.76","-299.955","-0.239589","185.075","29"
"15596","1420.86","-304.384","-0.240244","188.961","199"
"15597","1439.54","-308.965","-0.240876","199.648","85"
"15598","1459.08","-313.768","-0.240921","204.019","228"
"15599","1478.93","-318.655","-0.241734","204.505","85"
"15600","1498.76","-323.536","-0.241012","201.591","228"
"15601","1518.3","-328.328","-0.240379","195.762","199"
"15602","1537.34","-333.004","-0.241396","194.79","85"
"15603","1555.68","-337.514","-0.240199","186.532","85"
"15604","1573.57","-341.873","-0.23864","184.589","228"
"15605","1591.22","-346.174","-0.239431","183.132","1"
"15606","1609.25","-350.585","-0.240176","188.961","228"
"15607","1627.79","-355.131","-0.240334","195.276","0"
"15608","1647.28","-359.909","-0.240108","201.591","228"
"15609","1666.92","-364.725","-0.240673","203.534","85"
"15610","1688.4","-370.021","-0.242299","197.219","228"
"15611","1706.53","-374.507","-0.242841","178.274","29"
"15612","1723.19","-378.653","-0.244557","167.587","199"
"15613","1739.38","-382.709","-0.246048","167.587","85"
"15614","1754.01","-386.386","-0.246567","145.728","228"
"15615","1783.98","-393.987","-0.250022","163.701","199"
"15616","1800.13","-398.122","-0.250745","170.016","0"
"15617","1817.04","-402.466","-0.252326","176.331","58"
"15618","1852.13","-411.668","-0.259666","181.674","228"
"15619","1870.19","-416.483","-0.261269","187.018","1"
"15620","1887.41","-421.108","-0.263595","170.502","1"
"15621","1903.17","-425.38","-0.265718","158.844","114"
"15622","1917.97","-429.425","-0.267547","153.986","29"
"15623","1932.05","-433.309","-0.270641","141.842","199"
"15624","1945.65","-437.104","-0.273148","140.385","114"
"15625","1959.7","-441.058","-0.275497","148.157","199"
"15626","1974.66","-445.302","-0.2771","161.758","85"
"15627","1991","-449.972","-0.279584","174.874","29"
"15628","2007.85","-454.818","-0.279923","178.76","228"
"15629","2024.53","-459.601","-0.2785","170.016","85"
"15630","2040.23","-464.069","-0.276445","155.443","228"
"15631","2055.29","-468.36","-0.278749","150.1","58"
"15632","2084.32","-476.783","-0.286111","153.986","15"
"15633","2099.39","-481.239","-0.288527","159.329","199"
"15634","2114.93","-485.885","-0.292163","165.644","242"
"15635","2130.92","-490.732","-0.295619","170.016","85"
"15636","2147.41","-495.773","-0.297019","172.445","85"
"15637","2163.91","-500.799","-0.29449","172.931","199"
"15638","2180.53","-505.818","-0.292321","171.959","29"
"15639","2235.05","-521.854","-0.278478","114.64","29"
"15640","2244.91","-524.645","-0.272335","88.8942","50"
"15641","2252.07","-526.604","-0.262647","68.978","44"
"15642","2258.19","-528.22","-0.255081","59.2628","114"
"15643","2263.51","-529.595","-0.250971","50.5191","199"
"15644","2267.23","-530.537","-0.244851","29.6314","249"
"15645","2269.71","-531.147","-0.237534","21.8592","207"
"15646","2271.63","-531.606","-0.231052","15.0586","221"
"15647","2273.13","-531.953","-0.223893","15.5443","228"
"15648","2274.69","-532.3","-0.216486","16.5159","242"
"15649","2276.33","-532.653","-0.208695","17.0016","249"
"15650","2278.09","-533.018","-0.200316","19.4304","29"
"15651","2279.97","-533.391","-0.191396","18.4589","15"
"15652","2281.84","-533.744","-0.182543","19.9162","36"
"15653","2283.61","-534.061","-0.17421","17.0016","249"
"15654","2285.27","-534.347","-0.16635","17.0016","249"
"15655","2287.61","-534.725","-0.156391","34.9748","44"
"15656","2292.93","-535.538","-0.148939","71.4068","207"
"15657","2301.3","-536.764","-0.14266","93.7518","207"
"15658","2311.62","-538.211","-0.137331","112.211","242"
"15659","2320.71","-539.412","-0.121206","83.5508","79"
"15660","2330.6","-540.507","-0.103455","115.611","128"
"15661","2346.39","-542.063","-0.0964545","165.159","228"
"15662","2364.27","-543.824","-0.100497","188.475","199"
"15663","2383.63","-545.832","-0.106075","205.477","249"
"15664","2403.1","-547.933","-0.106527","189.447","214"
"15665","2420.81","-549.748","-0.0988483","164.673","72"
"15666","2436.11","-551.227","-0.0943994","141.842","58"
"15667","2492.68","-556.293","-0.0939929","149.614","228"
"15668","2507.77","-557.744","-0.0956866","147.671","1"
"15669","2523.22","-559.183","-0.0897923","163.216","1"
"15670","2540.33","-560.654","-0.082814","180.703","214"
"15671","2559.34","-562.171","-0.0776876","203.534","1"
"15672","2580.17","-563.762","-0.0758131","213.249","29"
"15673","2623.48","-567.119","-0.0784328","211.306","199"
"15674","2644.77","-568.801","-0.0796297","209.849","29"
"15675","2665.34","-570.455","-0.0805557","202.076","228"
"15676","2685.47","-572.08","-0.0806234","201.105","228"
"15677","2705.31","-573.687","-0.0811428","197.705","85"
"15678","2724.87","-575.284","-0.0822494","188.961","44"
"15679","2743.41","-576.868","-0.0878501","185.561","114"
"15680","2761.97","-578.563","-0.0932928","187.989","44"
"15681","2780.91","-580.372","-0.0964545","189.932","1"
"15682","2798.84","-582.06","-0.0915313","184.103","242"
"15683","2817.82","-583.749","-0.086337","196.247","214"
"15684","2837.73","-585.431","-0.0830624","203.534","114"
"15685","2858.11","-587.104","-0.0807589","207.906","199"
"15686","2878.71","-588.745","-0.0786135","206.934","228"
"15687","2898.97","-590.332","-0.078365","199.162","228"
"15688","2918.85","-591.899","-0.0791554","195.276","228"
"15689","2938.32","-593.45","-0.0799233","194.304","85"
"15690","2957.31","-594.985","-0.0811428","187.989","85"
"15691","2976.14","-596.533","-0.082543","188.961","228"
"15692","2994.95","-598.091","-0.0823849","191.875","29"
"15693","3014.12","-599.665","-0.0817526","193.333","228"
"15694","3033.84","-601.278","-0.0816171","203.534","228"
"15695","3054.07","-602.926","-0.0809847","204.991","228"
"15696","3074.45","-604.574","-0.0803524","204.991","228"
"15697","3094.62","-606.185","-0.0789748","201.591","199"
"15698","3114.27","-607.729","-0.0780715","197.219","228"
"15699","3133.6","-609.239","-0.077936","193.333","0"
"15700","3152.61","-610.721","-0.0777327","189.932","228"
"15701","3171.19","-612.18","-0.0794039","186.046","114"
"15702","3189.53","-613.673","-0.0831302","185.561","199"
"15703","3207.8","-615.233","-0.0860886","186.532","0"
"15704","3226.16","-616.81","-0.0852079","182.646","0"
"15705","3244.96","-618.405","-0.0842594","189.932","29"
"15706","3263.97","-620.007","-0.0840335","190.904","85"
"15707","3283.23","-621.627","-0.0835593","194.304","85"
"15708","3302.67","-623.232","-0.0811203","192.847","15"
"15709","3321.13","-624.701","-0.0780037","182.16","114"
"15710","3339.02","-626.073","-0.0756551","177.303","199"
"15711","3356.5","-627.382","-0.0742549","172.931","0"
"15712","3373.87","-628.691","-0.0764003","175.36","58"
"15713","3391.64","-630.073","-0.0784329","182.16","199"
"15714","3411.24","-631.591","-0.075226","178.274","15"
"15715","3429.45","-632.919","-0.0709803","186.532","199"
"15716","3448.87","-634.275","-0.0691284","204.019","85"
"15717","3469.55","-635.687","-0.0668249","217.135","242"
"15718","3490.38","-637.059","-0.0649731","207.42","29"
"15719","3510.51","-638.367","-0.0649957","200.133","228"
"15720","3530.23","-639.652","-0.0647021","195.762","85"
"15721","3549.06","-640.873","-0.0647698","181.189","228"
"15722","3566.1","-641.955","-0.0619017","162.73","114"
"15723","3581.19","-642.861","-0.0578818","142.328","44"
"15724","3607.14","-644.275","-0.052123","124.355","228"
"15725","3618.41","-644.852","-0.0492097","94.7233","72"
"15726","3628.86","-645.398","-0.0544039","92.7803","1"
"15727","3635.47","-645.754","-0.0519875","46.1473","72"
"15728","3640.33","-645.983","-0.0391375","7.28641","44"
"15729","3640.64","-645.995","-0.0353886","3.88609","114"
"15730","3641.09","-646.009","-0.0279586","3.40032","221"
"15731","3642.29","-646.036","-0.0192865","19.9162","36"
"15732","3644.42","-646.065","-0.0101176","8.25793","1"
"15733","3645.8","-646.075","-0.00483308","19.4304","1"
"15734","3648.49","-646.072","0.00677486","33.5175","239"
"15735","3652.75","-646","0.0238706","54.8909","253"
"15736","3659.66","-645.78","0.0366077","80.1505","79"
"15737","3668.07","-645.424","0.0467703","85.9796","36"
"15738","3677.66","-644.928","0.0544261","108.81","29"
"15739","3689.55","-644.263","0.0560973","130.184","228"
"15740","3702.59","-643.535","0.059801","97.6379","76"
"15741","3715.29","-642.644","0.075203","151.557","1"
"15742","3733.7","-641.216","0.0777323","209.363","29"
"15743","3756.26","-639.5","0.0739157","238.994","85"
"15744","3780.29","-637.77","0.0708669","243.852","29"
"15745","3803.53","-636.128","0.0709799","218.592","228"
"15746","3824.13","-634.654","0.0716799","197.219","228"
"15747","3843.69","-633.226","0.0743222","195.762","242"
"15748","3862.7","-631.784","0.0765354","186.046","199"
"15749","3880.58","-630.414","0.0759031","177.788","85"
"15750","3898.07","-629.1","0.0742319","176.817","228"
"15751","3915.84","-627.787","0.0736221","180.217","228"
"15752","3932.64","-626.585","0.0701443","165.644","1"
"15753","3949.24","-625.436","0.0685408","168.073","228"
"15754","3966.41","-624.259","0.0684957","174.388","228"
"15755","3985.2","-622.922","0.0742545","193.333","242"
"15756","4003.77","-621.484","0.0790874","182.646","199"
"15757","4021.26","-620.07","0.0821587","168.559","114"
"15758","4037.8","-618.677","0.0854108","165.644","1"
"15759","4054.81","-617.206","0.0869465","173.417","199"
"15760","4072.08","-615.699","0.0867432","170.502","228"
"15761","4089.03","-614.234","0.0860431","170.988","0"
"15762","4123.42","-611.312","0.0817748","168.559","114"
"15763","4140.26","-609.951","0.079652","169.53","114"
"15764","4157.46","-608.587","0.078997","176.331","228"
"15765","4174.63","-607.229","0.07911","167.102","228"
"15766","4191.48","-605.886","0.0799681","169.045","228"
"15767","4208.01","-604.546","0.0820006","165.159","85"
"15768","4252.06","-600.637","0.100113","100.552","249"
"15769","4261.47","-599.648","0.108559","89.38","214"
"15770","4270.41","-598.63","0.116734","82.0935","72"
"15771","4278.04","-597.724","0.120257","78.2075","242"
"15772","4286.72","-596.679","0.118112","83.5508","228"
"15773","4293.98","-595.81","0.121815","63.1489","1"
"15774","4299.81","-595.066","0.131301","50.5191","242"
"15775","4304.72","-594.399","0.137443","49.5476","228"
"15776","4308.95","-593.803","0.141847","39.8324","29"
"15777","4312.66","-593.262","0.14869","34.9748","29"
"15778","4316.22","-592.712","0.156007","38.8609","85"
"15779","4320.63","-592.006","0.160795","45.1757","72"
"15780","4324.57","-591.353","0.168179","37.8893","44"
"15781","4328.17","-590.72","0.178907","37.4036","93"
"15782","4331.68","-590.065","0.189656","34.9748","58"
"15783","4335.11","-589.388","0.199096","32.0602","15"
"15784","4338.14","-588.764","0.205623","34.9748","1"
"15785","4341.85","-587.982","0.210049","43.7185","85"
"15786","4346.85","-586.9","0.214769","56.834","44"
"15787","4364.89","-582.718","0.241531","60.2343","58"
"15788","4370.22","-581.375","0.2507","51.4906","1"
"15789","4375.1","-580.104","0.257836","51.0049","221"
"15790","4379.93","-578.808","0.265876","52.4621","1"
"15791","4385.47","-577.268","0.273599","72.8641","199"
"15792","4393.93","-574.853","0.282565","104.924","85"
"15793","4405.38","-571.506","0.284101","136.013","85"
"15794","4420.35","-567.149","0.283107","171.473","228"
"15795","4456.36","-556.581","0.288346","187.018","29"
"15796","4473.72","-551.43","0.28855","181.674","0"
"15797","4489.56","-546.752","0.28514","154.958","100"
"15798","4504.51","-542.412","0.280962","153.5","228"
"15799","4519.23","-538.199","0.277055","152.529","228"
"15800","4533.38","-534.192","0.274751","137.956","29"
"15801","4546.89","-530.409","0.271747","146.7","85"
"15802","4560.66","-526.594","0.268179","132.127","114"
"15803","4573.87","-523.003","0.263843","140.871","228"
"15804","4587.77","-519.261","0.262556","147.185","228"
"15805","4602.5","-515.312","0.260953","159.329","228"
"15806","4618.15","-511.152","0.259146","165.644","1"
"15807","4651.56","-502.3","0.259801","175.845","228"
"15808","4668.8","-497.708","0.260727","179.246","29"
"15809","4685.94","-493.117","0.262511","175.36","1"
"15810","4702.97","-488.528","0.263211","175.36","228"
"15811","4719.38","-484.116","0.262782","163.701","85"
"15812","4735.14","-479.865","0.263595","157.872","29"
"15813","4750.42","-475.743","0.263798","154.958","85"
"15814","4765.81","-471.586","0.263708","158.844","228"
"15815","4781.16","-467.428","0.265289","158.844","1"
"15816","4796.69","-463.194","0.266757","165.644","85"
"15817","4812.73","-458.795","0.26845","165.159","228"
"15818","4828.67","-454.394","0.270076","165.159","228"
"15819","4845.6","-449.685","0.272764","153.986","58"
"15820","4860.27","-445.556","0.275158","148.157","29"
"15821","4874.29","-441.595","0.274999","143.299","1"
"15822","4887.63","-437.846","0.273915","134.07","228"
"15823","4900.35","-434.262","0.275383","129.212","29"
"15824","4912.37","-430.851","0.277416","121.926","29"
"15825","4923.9","-427.556","0.279019","119.497","228"
"15826","4934.22","-424.582","0.282994","100.552","100"
"15827","4943.22","-421.934","0.288369","89.38","1"
"15828","4951.38","-419.495","0.291847","82.0935","58"
"15829","4958.86","-417.242","0.293495","76.7502","228"
"15830","4965.87","-415.115","0.295844","73.3499","15"
"15831","4972.8","-412.986","0.299796","72.8641","1"
"15832","4979.27","-410.967","0.304719","64.1204","214"
"15833","4984.86","-409.191","0.310726","56.3482","114"
"15834","4990.21","-407.452","0.316937","55.8625","128"
"15835","4995.76","-405.61","0.322764","59.2628","199"
"15836","5001.67","-403.615","0.328251","67.035","58"
"15837","5008.51","-401.26","0.333942","77.7217","228"
"15838","5015.97","-398.641","0.341192","80.1505","249"
"15839","5023.7","-395.855","0.349367","84.5223","228"
"15840","5031.63","-392.929","0.356639","84.5223","214"
"15841","5039.41","-390.002","0.362398","81.122","44"
"15842","5047.2","-387.019","0.368269","83.0651","100"
"15843","5054.84","-384.041","0.375112","83.5508","242"
"15844","5063.34","-380.647","0.383716","92.7803","36"
"15845","5071.03","-377.5","0.392614","76.2644","235"
"15846","5077.02","-374.999","0.398396","54.8909","207"
"15847","5081.68","-373.017","0.405623","49.0618","235"
"15848","5085.58","-371.328","0.411201","38.3751","72"
"15849","5088.87","-369.88","0.416372","34.0032","85"
"15850","5091.35","-368.772","0.424977","22.8307","65"
"15851","5093.26","-367.896","0.432587","24.288","58"
"15852","5095.62","-366.8","0.437307","28.6599","72"
"15853","5098.43","-365.475","0.444421","32.0602","1"
"15854","5101.47","-364.007","0.45438","36.432","93"
"15855","5104.84","-362.336","0.465446","36.432","79"
"15856","5108.06","-360.696","0.474186","36.9178","199"
"15857","5111.11","-359.121","0.479651","31.0887","85"
"15858","5114.06","-357.575","0.484303","34.489","72"
"15859","5117.3","-355.855","0.491327","37.8893","1"
"15860","5122.02","-353.306","0.496092","68.0065","228"
"15861","5128.75","-349.654","0.498802","79.179","44"
"15862","5135.95","-345.691","0.509462","65.5777","61"
"15863","5143.49","-341.382","0.525518","99.5809","136"
"15864","5153.7","-335.417","0.5299","130.67","199"
"15865","5165.59","-328.479","0.526151","148.157","221"
"15866","5178.49","-321.038","0.521024","151.557","199"
"15867","5191.6","-313.533","0.519308","151.072","85"
"15868","5204.77","-305.993","0.520798","151.557","228"
"15869","5217.58","-298.631","0.522718","146.7","85"
"15870","5230.45","-291.188","0.525654","149.129","29"
"15871","5254.21","-277.409","0.52387","123.869","29"
"15872","5264.64","-271.383","0.524163","115.611","228"
"15873","5274.21","-265.855","0.52317","103.467","85"
"15874","5282.57","-261.031","0.523373","91.8088","29"
"15875","5290.03","-256.728","0.523509","79.6647","0"
"15876","5297.31","-252.527","0.52387","73.8356","85"
"15877","5303.33","-249.037","0.525315","65.5777","29"
"15878","5308.65","-245.953","0.524683","57.3198","228"
"15879","5313.52","-243.142","0.523531","51.9764","85"
"15880","5317.83","-240.657","0.523644","47.1188","29"
"15881","5321.87","-238.319","0.524231","44.2042","228"
"15882","5325.19","-236.401","0.523576","34.9748","228"
"15883","5328.39","-234.556","0.523712","40.3181","199"
"15884","5332.02","-232.454","0.525202","43.2327","29"
"15885","5336.3","-229.968","0.527031","55.3767","29"
"15886","5341.65","-226.844","0.529244","67.035","85"
"15887","5347.65","-223.324","0.53279","71.4068","44"
"15888","5353.76","-219.7","0.537759","71.8926","58"
"15889","5364.35","-213.328","0.544014","52.9479","58"
"15890","5368.31","-210.928","0.546431","42.2612","114"
"15891","5371.59","-208.927","0.549908","34.9748","228"
"15892","5374.46","-207.158","0.553002","32.0602","85"
"15893","5377.1","-205.523","0.556503","32.0602","1"
"15894","5379.97","-203.725","0.561019","35.9463","58"
"15895","5383.06","-201.774","0.566507","37.4036","100"
"15896","5386.32","-199.682","0.573598","38.3751","7"
"15897","5389.77","-197.426","0.583106","41.2897","50"
"15898","5392.83","-195.385","0.593652","31.5744","79"
"15899","5395.11","-193.831","0.601873","25.2596","199"
"15900","5397.08","-192.468","0.607406","26.2311","1"
"15901","5399.11","-191.049","0.612736","25.2596","85"
"15902","5401.53","-189.33","0.619059","34.489","221"
"15903","5404.79","-186.991","0.625021","44.69","199"
"15904","5408.9","-184.006","0.631593","54.8909","207"
"15905","5413.75","-180.43","0.63891","64.1204","1"
"15906","5418.59","-176.796","0.647604","56.834","36"
"15907","5423.04","-173.399","0.656141","53.4337","29"
"15908","5426.87","-170.417","0.665175","43.7185","44"
"15909","5429.66","-168.21","0.674027","27.2026","242"
"15910","5431.26","-166.922","0.67956","18.4589","1"
"15911","5432.56","-165.869","0.682677","19.4304","29"
"15912","5435.57","-163.402","0.691191","27.2026","228"
"15913","5438.2","-161.2","0.700247","40.8039","128"
"15914","5441.67","-158.243","0.71251","49.0618","122"
"15915","5445.29","-155.068","0.725021","43.7185","114"
"15916","5447.98","-152.651","0.7362","32.0602","58"
"15917","5449.49","-151.278","0.744217","0.485761","228"
"15918","5449.63","-151.143","0.744917","4.37185","29"
"15919","5450.14","-150.678","0.747243","8.74369","1"
"15920","5451.18","-149.704","0.753883","19.4304","29"
"15921","5453.12","-147.859","0.766326","33.5175","246"
"15922","5455.84","-145.191","0.784032","38.8609","29"
"15923","5458.34","-142.654","0.800585","30.6029","225"
"15924","5460.03","-140.886","0.811967","18.9447","22"
"15925","5460.98","-139.881","0.818381","9.22945","15"
"15926","5463.45","-137.189","0.835387","24.7738","108"
"15927","5465.4","-134.999","0.849027","34.489","253"
"15928","5468.22","-131.734","0.867975","44.69","7"
"15929","5471.74","-127.507","0.881412","61.2058","114"
"15930","5475.5","-122.888","0.892478","60.7201","7"
"15931","5479.69","-117.647","0.898169","69.4638","128"
"15932","5484.17","-111.974","0.907857","77.7217","114"
"15933","5489.39","-105.209","0.916258","94.2376","199"
"15934","5495.15","-97.6603","0.92222","95.6948","221"
"15935","5501.53","-89.1938","0.925134","119.011","228"
"15936","5509.78","-78.2526","0.925676","151.557","85"
"15937","5520.16","-64.4009","0.928882","192.361","199"
"15938","5532.46","-47.9021","0.930666","217.135","1"
"15939","5544.8","-31.274","0.933918","196.733","29"
"15940","5555.53","-16.729","0.937825","169.53","249"
"15941","5564.29","-4.70689","0.943832","132.127","214"
"15942","5570.05","3.31539","0.952617","78.2075","235"
"15943","5575.57","11.0339","0.942681","91.323","249"
"15944","5579.48","16.37","0.936764","44.69","228"
"15945","5582.33","20.2819","0.949681","11.1725","72"
"15946","5583.09","21.3511","0.955779","15.5443","228"
"15947","5584.1","22.7919","0.963954","19.4304","29"
"15948","5585.4","24.691","0.974659","26.7168","136"
"15949","5586.89","26.9323","0.987193","26.2311","128"
"15950","5588.48","29.3633","0.998868","37.8893","58"
"15951","5591.02","33.3569","1.00625","51.4906","242"
"15952","5593.66","37.5678","1.01635","45.1757","203"
"15953","5595.87","41.1886","1.02924","40.3181","210"
"15954","5597.81","44.4619","1.0425","35.4605","203"
"15955","5599.4","47.2351","1.05119","31.0887","214"
"15956","5604.38","55.9419","1.05002","72.8641","29"
"15957","5608.52","63.1677","1.0509","87.4369","58"
"15958","5612.59","70.364","1.0621","78.2075","239"
"15959","5615.97","76.563","1.081","70.9211","22"
"15960","5619.47","83.2848","1.09584","78.2075","210"
"15961","5623.22","90.662","1.10449","85.9796","100"
"15962","5627.09","98.4079","1.10804","88.8942","85"
"15963","5631.4","107.019","1.10582","102.981","29"
"15964","5636.35","116.88","1.10506","120.469","0"
"15965","5641.93","128.005","1.10745","126.784","114"
"15966","5647.76","139.729","1.11203","131.155","199"
"15967","5652.42","149.233","1.11784","77.2359","128"
"15968","5655.37","155.388","1.1296","59.2628","100"
"15969","5657.25","159.42","1.13719","34.9748","58"
"15970","5658.47","162.075","1.13918","27.2026","228"
"15971","5659.7","164.746","1.14227","28.6599","72"
"15972","5660.54","166.588","1.14288","19.9162","1"
"15973","5661.08","167.769","1.14738","11.6583","85"
"15974","5661.58","168.896","1.15311","13.1155","128"
"15975","5662.16","170.203","1.15975","14.5728","214"
"15976","5662.69","171.443","1.16603","13.6013","199"
"15977","5663.25","172.758","1.17267","15.5443","228"
"15978","5663.92","174.373","1.1808","17.4874","1"
"15979","5664.51","175.831","1.18866","12.6298","1"
"15980","5664.82","176.608","1.19806","5.34337","36"
"15981","5665.13","177.4","1.20381","7.28641","72"
"15982","5665.39","178.086","1.20935","6.80065","85"
"15983","5665.7","178.932","1.21675","5.82913","199"
"15984","5666.04","179.849","1.22306","13.1155","221"
"15985","5666.55","181.262","1.23026","17.0016","249"
"15986","5667.19","183.102","1.23936","21.8592","65"
"15987","5668","185.518","1.25099","28.6599","136"
"15988","5669.9","191.55","1.27845","34.489","239"
"15989","5670.95","195.117","1.29257","42.7469","100"
"15990","5672.27","199.827","1.30126","51.4906","15"
"15991","5673.6","204.721","1.30754","47.6045","85"
"15992","5674.6","208.475","1.31183","32.0602","199"
"15993","5675.53","211.984","1.31262","40.3181","228"
"15994","5676.69","216.375","1.31273","48.5761","0"
"15995","5678.05","221.532","1.31197","60.2343","228"
"15996","5679.89","228.456","1.31081","74.3214","199"
"15997","5681.32","233.966","1.32165","55.8625","79"
"15998","5682.62","239.139","1.32595","55.3767","228"
"15999","5684.14","245.164","1.32213","67.035","58"
"16000","5686.08","252.721","1.31865","88.4084","85"
"16001","5688.66","262.686","1.31696","113.668","228"
"16002","5695.41","288.956","1.32165","147.185","242"
"16003","5699","303.125","1.32353","147.671","29"
"16004","5702.49","317.004","1.32561","139.899","29"
"16005","5705.75","330.093","1.32698","128.241","0"
"16006","5708.83","342.483","1.32793","123.869","199"
"16007","5711.56","353.595","1.33132","100.552","72"
"16008","5713.68","362.334","1.33482","81.6078","1"
"16009","5715.23","368.882","1.34347","52.9479","50"
"16010","5716.21","373.202","1.35106","37.4036","128"
"16011","5716.89","376.314","1.35625","28.1741","29"
"16012","5717.43","378.822","1.3624","24.288","228"
"16013","5717.8","380.591","1.36696","15.0586","58"
"16014","5718.12","382.166","1.37086","17.0016","72"
"16015","5718.5","384.076","1.37685","21.8592","207"
"16016","5718.98","386.547","1.38489","28.1741","44"
"16017","5719.51","389.472","1.39523","30.1172","44"
"16018","5719.99","392.273","1.40528","27.2026","44"
"16019","5720.46","395.15","1.414","28.6599","249"
"16020","5720.84","397.627","1.42254","24.288","15"
"16021","5721.23","400.334","1.43064","25.7453","22"
"16022","5721.74","404.044","1.43595","48.5761","85"
"16023","5722.39","408.893","1.44225","42.7469","128"
"16024","5722.84","412.645","1.45666","34.489","210"
"16025","5723.19","415.793","1.468","28.1741","58"
"16026","5723.44","418.418","1.47552","24.7738","128"
"16027","5723.7","421.219","1.48051","27.6884","128"
"16028","5724.04","425.018","1.48577","41.7754","228"
"16029","5724.42","429.806","1.49428","51.4906","44"
"16030","5724.85","435.785","1.50431","63.6346","122"
"16031","5725.27","442.724","1.51553","71.4068","93"
"16032","5725.65","450.453","1.52504","79.6647","15"
"16033","5725.98","458.485","1.53306","78.6932","228"
"16034","5726.25","466.422","1.53913","78.6932","85"
"16035","5726.49","474.4","1.54214","83.5508","228"
"16036","5726.96","492.79","1.54966","101.524","100"
"16037","5727.18","504.975","1.55578","119.497","214"
"16038","5727.34","518.032","1.56039","136.499","242"
"16039","5727.46","532.055","1.56357","141.842","199"
"16040","5727.54","546.628","1.56736","141.356","44"
"16041","5727.55","560.632","1.57181","135.527","72"
"16042","5727.51","573.33","1.57629","119.011","242"
"16043","5727.43","584.065","1.57999","96.1806","199"
"16044","5727.33","593.323","1.58247","89.8657","85"
"16045","5727.22","602.552","1.58193","93.7518","85"
"16046","5727.11","612.291","1.58236","103.467","85"
"16047","5726.98","623.458","1.58329","117.068","199"
"16048","5726.81","634.789","1.59013","105.41","93"
"16049","5726.5","646.652","1.60072","125.812","7"
"16050","5726.04","660.008","1.60933","140.871","199"
"16051","5725.41","674.912","1.61549","155.443","1"
"16052","5724.67","690.356","1.62089","150.586","1"
"16053","5723.91","705.031","1.62339","139.899","228"
"16054","5723.2","718.355","1.625","130.184","29"
"16055","5722.45","731.615","1.6283","125.326","228"
"16056","5721.71","744.461","1.62909","132.613","199"
"16057","5719.89","774.903","1.63216","174.388","199"
"16058","5718.72","793.598","1.63392","195.276","228"
"16059","5717.44","813.516","1.63597","206.934","228"
"16060","5716.09","833.811","1.63803","200.133","228"
"16061","5714.76","853.381","1.6388","194.79","85"
"16062","5713.48","872.37","1.63767","185.561","29"
"16063","5712.27","890.701","1.63595","179.246","29"
"16064","5711.1","908.812","1.63428","182.16","114"
"16065","5709.94","927.132","1.63394","184.589","228"
"16066","5708.78","945.705","1.63311","186.046","228"
"16067","5707.59","964.773","1.63281","195.276","0"
"16068","5706.37","984.549","1.63252","199.648","29"
"16069","5705.14","1004.58","1.63213","204.019","228"
"16070","5702.63","1044.83","1.6343","198.19","85"
"16071","5701.39","1064.14","1.6353","189.932","199"
"16072","5700.15","1083.03","1.63769","190.418","228"
"16073","5698.91","1101.41","1.63841","183.132","228"
"16074","5697.7","1119.41","1.63758","180.217","29"
"16075","5696.55","1136.79","1.63584","169.53","1"
"16076","5695.44","1153.81","1.63545","170.502","228"
"16077","5694.36","1170.61","1.63507","168.559","228"
"16078","5693.31","1186.73","1.63805","155.443","228"
"16079","5692.18","1202.59","1.64428","162.244","214"
"16080","5690.9","1219.46","1.6479","173.902","29"
"16081","5689.49","1237.33","1.6512","182.16","242"
"16082","5686.31","1275.22","1.65671","193.818","85"
"16083","5684.63","1294.6","1.65725","193.818","228"
"16084","5683.02","1313.32","1.65641","181.189","199"
"16085","5681.5","1331.08","1.65549","172.931","85"
"16086","5680.09","1347.84","1.65442","165.644","228"
"16087","5678.79","1363.5","1.65382","152.529","228"
"16088","5677.53","1378.51","1.6542","150.1","228"
"16089","5676.25","1393.77","1.65535","152.043","29"
"16090","5673.66","1423.39","1.66102","134.07","228"
"16091","5672.45","1436.47","1.66447","129.212","199"
"16092","5671.23","1449.19","1.66809","125.812","1"
"16093","5669.99","1461.69","1.67064","123.383","85"
"16094","5668.7","1474.32","1.67493","127.269","29"
"16095","5667.34","1486.97","1.68037","124.84","221"
"16096","5665.99","1498.8","1.6883","111.725","29"
"16097","5664.79","1508.58","1.69652","88.4084","228"
"16098","5663.73","1516.71","1.70309","79.179","100"
"16099","5662.7","1524.29","1.70732","71.8926","228"
"16100","5661.71","1531.44","1.71009","72.3783","1"
"16101","5660.61","1539.16","1.71204","81.122","29"
"16102","5659.46","1547.21","1.71407","75.2929","15"
"16103","5657.43","1560.51","1.73073","66.5492","235"
"16104","5656.19","1568.13","1.73324","84.5223","228"
"16105","5654.67","1577.33","1.73737","82.5793","249"
"16106","5652.82","1587.86","1.74928","132.613","22"
"16107","5649.92","1603.59","1.75578","184.103","15"
"16108","5646.11","1623.81","1.7572","217.135","85"
"16109","5641.81","1646.6","1.75734","239.48","29"
"16110","5637.44","1669.77","1.75752","230.251","85"
"16111","5633.45","1690.88","1.75847","213.249","100"
"16112","5629.68","1710.53","1.76086","194.304","0"
"16113","5626.11","1729.16","1.75933","186.532","199"
"16114","5622.62","1747.59","1.75723","189.932","29"
"16115","5619.25","1765.59","1.75363","178.274","128"
"16116","5616.11","1782.78","1.7512","165.159","29"
"16117","5613.08","1799.24","1.75321","173.902","29"
"16118","5609.83","1816.84","1.75359","187.989","228"
"16119","5606.23","1836.31","1.75402","203.534","199"
"16120","5602.35","1857.18","1.75488","212.277","85"
"16121","5598.44","1878.18","1.75542","208.391","85"
"16122","5594.58","1898.81","1.75596","204.991","228"
"16123","5590.9","1918.46","1.7558","195.276","0"
"16124","5587.41","1937.13","1.75564","186.532","0"
"16125","5584.04","1955.16","1.75519","185.075","228"
"16126","5580.72","1973.13","1.75244","182.16","114"
"16127","5577.42","1991.2","1.75106","183.618","228"
"16128","5574.04","2009.74","1.75174","187.018","114"
"16129","5570.56","2028.62","1.75275","197.219","228"
"16130","5567.04","2047.72","1.75368","195.276","228"
"16131","5563.52","2066.58","1.75632","189.932","114"
"16132","5560.03","2085","1.75962","184.103","114"
"16133","5556.64","2102.64","1.76213","176.817","85"
"16134","5553.42","2119.08","1.76538","162.244","85"
"16135","5550.38","2134.43","1.76703","153.986","199"
"16136","5547.46","2149.13","1.76671","147.185","199"
"16137","5544.58","2163.69","1.7656","146.7","0"
"16138","5541.96","2176.77","1.77044","130.184","199"
"16139","5536.54","2202.92","1.78003","139.413","72"
"16140","5530.57","2230.34","1.78927","136.499","242"
"16141","5527.65","2243.34","1.79367","130.67","15"
"16142","5524.88","2255.51","1.79591","123.869","1"
"16143","5522.06","2267.76","1.79702","131.641","199"
"16144","5518.62","2282.67","1.79797","149.129","85"
"16145","5514.9","2298.72","1.79903","175.845","228"
"16146","5510.77","2316.47","1.80018","184.103","228"
"16147","5506.58","2334.34","1.80244","179.731","1"
"16148","5502.52","2351.4","1.80601","170.016","29"
"16149","5498.66","2367.43","1.80707","159.329","228"
"16150","5495.05","2382.41","1.80783","152.043","29"
"16151","5491.54","2396.89","1.80881","147.185","228"
"16152","5487.85","2412.07","1.81005","162.244","0"
"16153","5483.87","2428.35","1.81","170.016","0"
"16154","5479.59","2445.86","1.81134","187.018","199"
"16155","5474.83","2465.16","1.81344","207.906","228"
"16156","5469.78","2485.5","1.81481","210.334","228"
"16157","5464.72","2505.77","1.81554","206.448","228"
"16158","5459.77","2525.58","1.81599","202.562","29"
"16159","5455","2544.61","1.81637","189.447","228"
"16160","5450.46","2562.76","1.81585","183.618","228"
"16161","5446.03","2580.4","1.81709","179.246","228"
"16162","5441.61","2597.97","1.81768","184.103","85"
"16163","5437.01","2616.24","1.81775","190.904","29"
"16164","5432.27","2634.97","1.81895","196.733","58"
"16165","5427.4","2654.18","1.81944","202.076","0"
"16166","5422.47","2673.6","1.81942","196.733","85"
"16167","5417.75","2692.18","1.81951","190.418","228"
"16168","5413.19","2710.19","1.81802","181.189","85"
"16169","5408.86","2727.42","1.81628","176.331","29"
"16170","5404.62","2744.41","1.81463","177.303","228"
"16171","5400.35","2761.62","1.81405","177.303","228"
"16172","5396.11","2778.61","1.8154","172.931","228"
"16173","5391.82","2795.84","1.81463","181.674","228"
"16174","5387.42","2813.49","1.81524","179.731","85"
"16175","5383.21","2830.36","1.81581","171.959","0"
"16176","5379.19","2846.37","1.8177","160.301","228"
"16177","5375.44","2861.19","1.81931","147.185","1"
"16178","5371.97","2874.79","1.82091","134.556","85"
"16179","5368.85","2887.06","1.8198","122.412","228"
"16180","5366.05","2898.03","1.8203","107.353","228"
"16181","5363.5","2908.02","1.82197","98.1236","228"
"16182","5361.14","2917.15","1.8259","89.8657","242"
"16183","5358.96","2925.44","1.82958","82.0935","15"
"16184","5356.96","2932.93","1.83254","73.8356","199"
"16185","5355.16","2939.61","1.83489","66.0634","85"
"16186","5353.55","2945.53","1.83758","56.834","58"
"16187","5352.13","2950.7","1.84117","47.6045","85"
"16188","5350.83","2955.34","1.84544","49.0618","114"
"16189","5349.42","2960.33","1.84769","51.4906","85"
"16190","5347.97","2965.41","1.8509","51.9764","15"
"16191","5346.5","2970.45","1.85657","53.9194","72"
"16192","5344.26","2978.05","1.85953","41.7754","29"
"16193","5342.83","2982.82","1.86373","58.2913","29"
"16194","5340.82","2989.41","1.86901","75.7787","58"
"16195","5338.4","2997.18","1.87468","84.5223","214"
"16196","5335.84","3005.27","1.8813","82.5793","214"
"16197","5331.1","3019.76","1.88961","68.978","228"
"16198","5329","3026.11","1.88938","67.035","228"
"16199","5326.73","3033.02","1.88792","77.7217","29"
"16200","5324.02","3041.32","1.88545","81.122","228"
"16201","5321.44","3049.23","1.88685","85.4939","85"
"16202","5318.76","3057.39","1.89044","85.4939","228"
"16203","5316.05","3065.5","1.89417","84.5223","199"
"16204","5313.42","3073.29","1.8983","79.179","15"
"16205","5310.8","3080.97","1.9004","83.5508","85"
"16206","5305.49","3096.33","1.90621","85.0081","114"
"16207","5302.75","3104.18","1.9082","80.6363","29"
"16208","5300.22","3111.36","1.91075","74.3214","114"
"16209","5297.82","3118.13","1.91291","68.978","29"
"16210","5295.73","3123.95","1.91569","57.3198","228"
"16211","5293.95","3128.87","1.91919","49.5476","199"
"16212","5292.49","3132.9","1.92222","38.3751","114"
"16213","5291.28","3136.16","1.92493","32.0602","29"
"16214","5290.31","3138.78","1.92789","26.7168","114"
"16215","5289.32","3141.42","1.9315","30.6029","15"
"16216","5288.13","3144.56","1.93647","36.432","207"
"16217","5286.77","3148.06","1.94455","38.3751","7"
"16218","5285.48","3151.3","1.95287","30.6029","249"
"16219","5284.44","3153.86","1.96075","23.8023","7"
"16220","5283.65","3155.77","1.96915","18.4589","15"
"16221","5282.95","3157.41","1.97744","17.9731","7"
"16222","5282.3","3158.89","1.98491","15.5443","228"
"16223","5281.64","3160.39","1.9918","17.9731","235"
"16224","5280.75","3162.34","2.00135","23.3165","85"
"16225","5279.74","3164.51","2.01242","25.7453","122"
"16226","5278.73","3166.61","2.02324","22.345","72"
"16227","5277.9","3168.29","2.03197","17.4874","1"
"16228","5277.18","3169.73","2.03947","15.5443","228"
"16229","5276.48","3171.1","2.04663","16.0301","235"
"16230","5275.65","3172.7","2.05487","21.8592","36"
"16231","5274.17","3175.46","2.06461","41.2897","22"
"16232","5271.65","3180.08","2.07491","63.1489","128"
"16233","5267.7","3187.14","2.08627","95.2091","44"
"16234","5262.31","3196.56","2.09351","112.696","15"
"16235","5256.41","3206.71","2.09982","120.469","114"
"16236","5250.5","3216.76","2.1042","113.182","242"
"16237","5244.91","3226.18","2.10914","107.839","114"
"16238","5239.53","3235.13","2.11422","100.067","1"
"16239","5234.38","3243.6","2.11885","97.1521","1"
"16240","5229.58","3251.42","2.12441","87.4369","58"
"16241","5225.27","3258.34","2.12983","73.8356","29"
"16242","5221.58","3264.22","2.13304","66.5492","58"
"16243","5218.19","3269.58","2.13609","62.1774","58"
"16244","5215.06","3274.49","2.14108","53.9194","44"
"16245","5212.19","3278.92","2.14661","52.4621","199"
"16246","5209.22","3283.47","2.15456","56.834","36"
"16247","5199.67","3297.52","2.17744","53.9194","128"
"16248","5196.86","3301.54","2.18412","45.6615","1"
"16249","5194.61","3304.71","2.19187","33.5175","249"
"16250","5193","3306.95","2.20007","20.8877","50"
"16251","5191.9","3308.44","2.20869","17.4874","1"
"16252","5190.88","3309.81","2.21662","17.4874","1"
"16253","5189.84","3311.17","2.22457","17.0016","249"
"16254","5188.83","3312.49","2.23232","13.6013","199"
"16255","5187.93","3313.62","2.23905","13.6013","199"
"16256","5187.07","3314.71","2.2455","14.0871","207"
"16257","5186.05","3315.97","2.25305","18.4589","15"
"16258","5184.64","3317.68","2.26334","24.288","100"
"16259","5183.03","3319.6","2.27498","25.7453","122"
"16260","5181.38","3321.51","2.28672","25.7453","122"
"16261","5179.86","3323.25","2.29747","23.3165","85"
"16262","5178.43","3324.84","2.30738","20.4019","44"
"16263","5177.1","3326.29","2.31658","19.4304","29"
"16264","5175.81","3327.68","2.32536","17.4874","1"
"16265","5174.7","3328.84","2.33284","15.5443","228"
"16266","5173.46","3330.13","2.34117","19.4304","29"
"16267","5171.93","3331.69","2.35131","23.3165","85"
"16268","5169.44","3334.17","2.36262","47.1188","36"
"16269","5165.51","3338","2.37324","58.2913","207"
"16270","5160.73","3342.55","2.38776","75.2929","231"
"16271","5154.38","3348.41","2.40102","100.552","65"
"16272","5145.02","3356.88","2.41016","144.271","7"
"16273","5133.27","3367.39","2.41204","165.644","85"
"16274","5121.22","3378.15","2.41432","157.872","114"
"16275","5110.44","3387.73","2.41459","133.098","228"
"16276","5100.56","3396.47","2.41976","123.383","58"
"16277","5092.36","3403.65","2.42355","102.01","85"
"16278","5085.54","3409.6","2.42635","80.6363","199"
"16279","5075.32","3418.41","2.43451","60.2343","85"
"16280","5071.36","3421.77","2.43819","44.2042","85"
"16281","5068.05","3424.58","2.43914","40.3181","85"
"16282","5064.92","3427.23","2.44085","41.2897","15"
"16283","5061.76","3429.88","2.44634","42.2612","235"
"16284","5058.62","3432.47","2.45544","41.2897","65"
"16285","5055.35","3435.12","2.46529","45.1757","22"
"16286","5051.7","3438.01","2.47464","49.0618","7"
"16287","5048.11","3440.81","2.48284","46.1473","207"
"16288","5044.09","3443.91","2.48945","55.8625","221"
"16289","5039.53","3447.35","2.49779","59.2628","1"
"16290","5034.65","3450.98","2.5065","64.1204","242"
"16291","5029.69","3454.6","2.51461","59.7486","207"
"16292","5025.2","3457.82","2.52193","50.0333","207"
"16293","5021.56","3460.4","2.52949","43.2327","221"
"16294","5018.42","3462.58","2.53652","37.8893","114"
"16295","5015.4","3464.66","2.54241","34.0032","214"
"16296","5012.53","3466.6","2.54842","34.489","128"
"16297","5009.81","3468.42","2.55529","33.0317","228"
"16298","5007.09","3470.21","2.56457","34.0032","58"
"16299","5004.27","3472.02","2.57498","32.0602","72"
"16300","5001.95","3473.48","2.58507","21.8592","7"
"16301","5000.29","3474.5","2.5921","16.5159","199"
"16302","4998.86","3475.37","2.59833","19.4304","114"
"16303","4996.91","3476.54","2.60594","24.7738","7"
"16304","4994.43","3477.99","2.61479","32.546","22"
"16305","4991.26","3479.81","2.62552","41.7754","72"
"16306","4987.44","3481.95","2.636","45.1757","108"
"16307","4983.54","3484.08","2.64702","45.1757","65"
"16308","4979.71","3486.12","2.65705","41.2897","65"
"16309","4976.46","3487.8","2.66672","31.0887","44"
"16310","4973.64","3489.23","2.67762","24.288","58"
"16311","4971.78","3490.15","2.687","18.4589","15"
"16312","4970.41","3490.81","2.69404","13.1155","128"
"16313","4969.29","3491.35","2.69982","11.6583","85"
"16314","4967.9","3492","2.70459","19.9162","15"
"16315","4965.93","3492.91","2.70904","23.3165","114"
"16316","4963.58","3493.99","2.71606","26.7168","7"
"16317","4960.92","3495.18","2.72392","35.4605","249"
"16318","4957.31","3496.76","2.73433","45.1757","136"
"16319","4953.09","3498.54","2.74691","45.6615","128"
"16320","4948.76","3500.31","2.75829","51.9764","249"
"16321","4943.61","3502.37","2.76563","54.8909","22"
"16322","4938.74","3504.26","2.77426","49.5476","242"
"16323","4934.39","3505.92","2.77972","45.6615","228"
"16324","4929.93","3507.6","2.78157","49.0618","199"
"16325","4925.36","3509.31","2.78578","51.4906","29"
"16326","4919.52","3511.47","2.78939","72.3783","114"
"16327","4912.06","3514.2","2.79101","86.4654","85"
"16328","4902.9","3517.54","2.79302","104.924","199"
"16329","4892.37","3521.35","2.79571","113.668","199"
"16330","4881.69","3525.17","2.80077","110.753","114"
"16331","4872.04","3528.54","2.80872","96.1806","15"
"16332","4863.42","3531.49","2.81419","88.8942","1"
"16333","4854.71","3534.45","2.81367","97.6379","114"
"16334","4845.09","3537.74","2.81105","104.439","1"
"16335","4834.9","3541.24","2.80992","110.753","228"
"16336","4824.01","3544.99","2.81105","119.011","58"
"16337","4800.93","3552.82","2.81823","119.497","1"
"16338","4789.55","3556.6","2.82227","116.583","29"
"16339","4779.31","3559.96","2.82792","99.0952","199"
"16340","4770.71","3562.72","2.83343","82.0935","72"
"16341","4763.32","3565.05","2.83853","75.2929","44"
"16342","4756.7","3567.1","2.84402","60.2343","199"
"16343","4747.02","3570.01","2.85271","47.6045","228"
"16344","4742.1","3571.47","2.85404","53.4337","1"
"16345","4737.52","3572.8","2.86147","51.4906","242"
"16346","4732.23","3574.3","2.87157","64.1204","85"
"16347","4725.24","3576.18","2.88169","76.2644","221"
"16348","4717.71","3578.16","2.88666","80.6363","228"
"16349","4709.61","3580.26","2.88871","91.323","85"
"16350","4700.62","3582.58","2.89074","93.266","199"
"16351","4691.22","3584.97","2.89456","97.6379","242"
"16352","4681.13","3587.49","2.89772","113.182","242"
"16353","4669.24","3590.43","2.90075","131.155","85"
"16354","4656.11","3593.63","2.90274","136.984","228"
"16355","4642.51","3596.95","2.9026","142.328","29"
"16356","4628.9","3600.25","2.90364","136.499","58"
"16357","4616.11","3603.32","2.90807","126.298","1"
"16358","4604.83","3605.99","2.91021","105.896","29"
"16359","4594.96","3608.3","2.9126","99.5809","58"
"16360","4585.43","3610.51","2.91468","90.3515","228"
"16361","4577.18","3612.42","2.91468","80.1505","228"
"16362","4569.48","3614.19","2.91552","78.2075","58"
"16363","4561.96","3615.9","2.92053","76.7502","114"
"16364","4554.54","3617.55","2.926","72.8641","29"
"16365","4547.68","3619.02","2.9339","52.9479","36"
"16366","4543.31","3619.92","2.94375","40.8039","44"
"16367","4539.45","3620.68","2.95172","36.9178","214"
"16368","4530.66","3622.32","2.96362","45.1757","22"
"16369","4526.23","3623.09","2.97374","44.69","58"
"16370","4522.11","3623.77","2.98153","40.3181","100"
"16371","4518.5","3624.34","2.98729","35.9463","114"
"16372","4515.06","3624.87","2.99303","34.0032","85"
"16373","4511.47","3625.39","2.99741","37.4036","44"
"16374","4506.48","3626.11","3.00028","60.7201","58"
"16375","4499.79","3627.04","3.00725","74.8071","29"
"16376","4491.48","3628.12","3.01656","94.7233","65"
"16377","4481.14","3629.35","3.02693","106.867","44"
"16378","4470.06","3630.56","3.03779","113.182","22"
"16379","4458.52","3631.71","3.04522","117.068","128"
"16380","4446.76","3632.82","3.04919","120.469","228"
"16381","4434.35","3633.95","3.05168","128.241","29"
"16382","4421.44","3635.1","3.05437","130.67","114"
"16383","4408.71","3636.19","3.05712","127.755","58"
"16384","4396.03","3637.25","3.05821","130.184","0"
"16385","4383.16","3638.32","3.0601","134.07","85"
"16386","4369.1","3639.45","3.062","145.728","85"
"16387","4338.64","3641.77","3.06927","156.415","29"
"16388","4322.85","3642.89","3.07194","155.929","114"
"16389","4307.84","3643.92","3.07413","146.214","114"
"16390","4293.83","3644.84","3.07666","136.013","29"
"16391","4281.16","3645.66","3.0776","122.897","85"
"16392","4269.44","3646.41","3.07726","113.668","228"
"16393","4258.19","3647.13","3.07839","112.696","29"
"16394","4246.69","3647.84","3.08117","115.611","1"
"16395","4235.09","3648.51","3.08702","115.611","85"
"16396","4223.81","3649.09","3.09181","109.782","1"
"16397","4213.62","3649.57","3.09642","97.6379","44"
"16398","4204.02","3649.98","3.10114","95.6948","15"
"16399","4194.52","3650.35","3.1054","96.1806","58"
"16400","4184.47","3650.68","3.11033","100.552","44"
"16401","4162.84","3651.28","3.11667","124.84","58"
"16402","4149.55","3651.59","3.11936","140.385","58"
"16403","4134.83","3651.89","3.12298","155.443","228"
"16404","4119.38","3652.15","3.1253","153.015","29"
"16405","4104.45","3652.39","3.12591","143.785","0"
"16406","4090.16","3652.61","3.12553","142.814","85"
"16407","4076.53","3652.83","3.12614","128.727","1"
"16408","4064.42","3653.01","3.12695","116.583","228"
"16409","4053.62","3653.17","3.12718","103.467","29"
"16410","4044.05","3653.3","3.1277","92.7803","29"
"16411","4035.16","3653.42","3.12907","86.4654","228"
"16412","4026.59","3653.52","3.12975","86.9511","228"
"16413","4017.39","3653.62","3.13266","98.6094","44"
"16414","4006.99","3653.69","3.13702","106.382","72"
"16415","3996.61","3653.68","-3.13528","99.0952","128"
"16416","3985.83","3653.56","-3.12724","119.983","221"
"16417","3973.46","3653.35","-3.1245","124.84","228"
"16418","3960.76","3653.15","-3.12721","121.926","242"
"16419","3948.83","3653.01","-3.13212","96.6664","15"
"16420","3940.22","3652.93","-3.13309","76.7502","228"
"16421","3928.04","3652.89","3.1358","62.1774","221"
"16422","3920.29","3652.98","3.12205","76.2644","253"
"16423","3913.18","3653.17","3.1148","55.8625","221"
"16424","3905.85","3653.34","3.1202","82.5793","85"
"16425","3895.76","3653.52","3.1253","110.268","44"
"16426","3883.82","3653.69","3.12995","125.812","15"
"16427","3871.25","3653.8","3.13528","124.355","199"
"16428","3850.16","3653.8","-3.13541","83.0651","44"
"16429","3841.82","3653.72","-3.13099","86.9511","242"
"16430","3832.76","3653.61","-3.12968","92.2945","214"
"16431","3823.96","3653.53","-3.13227","85.0081","29"
"16432","3813.74","3653.43","-3.13011","117.068","114"
"16433","3799.84","3653.23","-3.12606","159.329","29"
"16434","3762.46","3652.54","-3.12064","199.162","85"
"16435","3743.12","3652.12","-3.11888","190.904","58"
"16436","3725.05","3651.7","-3.11859","172.931","0"
"16437","3708.3","3651.32","-3.11924","162.244","228"
"16438","3692.92","3651","-3.12155","147.671","29"
"16439","3677.64","3650.7","-3.12272","155.443","228"
"16440","3661.35","3650.4","-3.1234","169.045","0"
"16441","3643.37","3650.08","-3.1241","183.618","85"
"16442","3623.98","3649.75","-3.12471","199.648","29"
"16443","3603.46","3649.4","-3.12396","209.363","85"
"16444","3582.73","3649.02","-3.12265","209.363","1"
"16445","3543.33","3648.26","-3.12195","192.361","228"
"16446","3524.59","3647.89","-3.12195","184.589","0"
"16447","3506.37","3647.54","-3.12324","184.589","85"
"16448","3488.15","3647.22","-3.12439","180.703","228"
"16449","3451.85","3646.64","-3.12557","182.646","29"
"16450","3433.19","3646.33","-3.12457","188.961","58"
"16451","3414.7","3645.99","-3.1213","186.046","15"
"16452","3377.28","3645.08","-3.11455","185.075","58"
"16453","3358.87","3644.56","-3.11258","184.589","228"
"16454","3340.76","3644.05","-3.11387","180.703","85"
"16455","3323.1","3643.59","-3.11669","175.36","114"
"16456","3305.17","3643.16","-3.11796","185.075","228"
"16457","3267.76","3642.3","-3.1189","186.532","85"
"16458","3248.81","3641.87","-3.1189","192.361","228"
"16459","3229.52","3641.43","-3.11888","191.875","85"
"16460","3210.23","3641","-3.11936","193.818","85"
"16461","3191.14","3640.58","-3.12017","189.932","58"
"16462","3172.88","3640.24","-3.1255","180.703","1"
"16463","3154.75","3639.97","-3.12697","179.246","85"
"16464","3137.01","3639.7","-3.12498","178.274","242"
"16465","3119.64","3639.38","-3.12227","168.073","85"
"16466","3103.09","3639.05","-3.12105","162.73","85"
"16467","3087.58","3638.72","-3.12012","152.043","29"
"16468","3072.93","3638.4","-3.11922","141.356","29"
"16469","3057.5","3638.04","-3.11802","133.584","228"
"16470","3044.53","3637.72","-3.11554","125.812","242"
"16471","3032.64","3637.4","-3.11292","115.125","1"
"16472","3021.14","3637.05","-3.11059","112.696","85"
"16473","3009.95","3636.69","-3.10777","110.753","29"
"16474","2998.53","3636.29","-3.10497","110.753","114"
"16475","2987.61","3635.85","-3.09912","110.268","44"
"16476","2976.17","3635.33","-3.0939","117.554","1"
"16477","2964","3634.73","-3.09104","123.869","242"
"16478","2951.87","3634.09","-3.08715","121.44","58"
"16479","2940.13","3633.42","-3.08261","118.526","1"
"16480","2928.61","3632.72","-3.07911","109.296","58"
"16481","2917.38","3632","-3.07622","111.239","1"
"16482","2906.73","3631.29","-3.07441","108.325","58"
"16483","2895.52","3630.51","-3.0696","116.583","58"
"16484","2883.63","3629.63","-3.06667","123.869","85"
"16485","2870.16","3628.61","-3.0652","144.271","228"
"16486","2854.56","3627.4","-3.06391","163.216","228"
"16487","2837.27","3626.03","-3.061","182.16","242"
"16488","2819","3624.52","-3.05759","181.189","114"
"16489","2800.73","3622.97","-3.05635","179.246","58"
"16490","2783.58","3621.47","-3.05314","167.587","1"
"16491","2767.77","3620.06","-3.05138","149.129","199"
"16492","2753.72","3618.77","-3.04957","137.47","199"
"16493","2740.74","3617.57","-3.04907","125.326","228"
"16494","2729.76","3616.53","-3.04557","104.439","44"
"16495","2720.28","3615.59","-3.04083","80.6363","242"
"16496","2714.85","3615.02","-3.03101","39.8324","58"
"16497","2711.51","3614.63","-3.02154","30.6029","22"
"16498","2708.66","3614.28","-3.01382","29.1456","228"
"16499","2705.95","3613.92","-3.00865","21.3735","85"
"16500","2703.73","3613.62","-3.00592","23.3165","29"
"16501","2701.06","3613.25","-3.00404","32.0602","85"
"16502","2697.37","3612.73","-2.99903","43.2327","235"
"16503","2692.77","3612.05","-2.98907","48.5761","114"
"16504","2687.57","3611.21","-2.97534","50.0333","210"
"16505","2682.63","3610.35","-2.96533","52.9479","128"
"16506","2677.63","3609.44","-2.95881","50.5191","228"
"16507","2672.43","3608.45","-2.95074","54.8909","22"
"16508","2666.62","3607.3","-2.94236","62.1774","29"
"16509","2659.57","3605.84","-2.93444","81.6078","199"
"16510","2650.39","3603.88","-2.92829","104.439","100"
"16511","2639.41","3601.47","-2.92328","118.04","207"
"16512","2627.91","3598.87","-2.91603","117.554","242"
"16513","2616.79","3596.28","-2.90975","114.64","1"
"16514","2580.39","3587.52","-2.90282","143.785","228"
"16515","2565.76","3583.95","-2.90158","154.472","85"
"16516","2550.87","3580.28","-2.8983","149.614","29"
"16517","2536.54","3576.69","-2.89489","143.785","29"
"16518","2509.85","3569.9","-2.88929","135.527","242"
"16519","2496.69","3566.48","-2.88758","133.098","228"
"16520","2484.07","3563.2","-2.88692","130.184","228"
"16521","2471.66","3559.96","-2.88442","130.67","242"
"16522","2458.3","3556.43","-2.88265","137.956","0"
"16523","2443.82","3552.59","-2.88252","158.358","228"
"16524","2426.91","3548.08","-2.87947","165.644","85"
"16525","2410.48","3543.65","-2.87762","176.331","1"
"16526","2392.89","3538.88","-2.87599","182.16","29"
"16527","2375.47","3534.12","-2.87432","177.788","29"
"16528","2358.5","3529.46","-2.87256","177.788","228"
"16529","2341.91","3524.87","-2.87141","169.045","85"
"16530","2325.49","3520.33","-2.8717","174.388","58"
"16531","2308.69","3515.67","-2.87102","177.788","228"
"16532","2291.26","3510.83","-2.86994","183.132","29"
"16533","2273.64","3505.91","-2.8682","183.132","114"
"16534","2255.46","3500.79","-2.86671","189.932","29"
"16535","2236.5","3495.41","-2.86449","197.705","85"
"16536","2198","3484.43","-2.86296","198.676","29"
"16537","2179.05","3478.99","-2.86147","194.304","85"
"16538","2160.62","3473.69","-2.86113","187.504","228"
"16539","2142.9","3468.58","-2.86108","181.674","228"
"16540","2125.47","3463.56","-2.86115","182.16","199"
"16541","2109.13","3458.85","-2.86036","165.159","228"
"16542","2093.28","3454.27","-2.86018","165.159","228"
"16543","2062.31","3445.3","-2.85905","154.958","199"
"16544","2047.5","3440.99","-2.85709","149.129","58"
"16545","2033.82","3436.97","-2.85476","136.499","58"
"16546","2021.15","3433.21","-2.85216","129.212","85"
"16547","2008.75","3429.5","-2.84999","128.241","228"
"16548","1996.61","3425.85","-2.84859","122.412","85"
"16549","1985.06","3422.38","-2.85069","119.497","199"
"16550","1974","3419.07","-2.85069","111.239","199"
"16551","1963.84","3416.01","-2.84785","102.981","1"
"16552","1954.28","3413.09","-2.84333","93.7518","44"
"16553","1945.92","3410.5","-2.83681","77.7217","29"
"16554","1939.5","3408.44","-2.82757","61.2058","242"
"16555","1934.16","3406.69","-2.82052","51.0049","221"
"16556","1929.73","3405.2","-2.81447","43.7185","85"
"16557","1926.2","3403.99","-2.80957","31.0887","29"
"16558","1923.41","3403.02","-2.80494","33.0317","228"
"16559","1920.56","3402.01","-2.79875","30.6029","235"
"16560","1917.82","3401.02","-2.79035","25.7453","36"
"16561","1915.57","3400.18","-2.78082","23.3165","29"
"16562","1913.85","3399.53","-2.77371","16.0301","100"
"16563","1910.15","3398.08","-2.76542","19.9162","128"
"16564","1908.15","3397.28","-2.7572","22.345","44"
"16565","1906.1","3396.44","-2.74724","23.3165","72"
"16566","1903.77","3395.45","-2.73606","27.2026","100"
"16567","1901.19","3394.33","-2.72542","30.1172","58"
"16568","1898.46","3393.1","-2.71612","31.0887","15"
"16569","1895.46","3391.73","-2.70819","36.432","221"
"16570","1890.87","3389.59","-2.70519","59.7486","58"
"16571","1884.81","3386.75","-2.70117","72.8641","85"
"16572","1877.46","3383.25","-2.69423","84.5223","114"
"16573","1860.47","3374.96","-2.68195","82.0935","136"
"16574","1853.35","3371.35","-2.66514","89.38","235"
"16575","1843.86","3366.37","-2.65494","127.755","207"
"16576","1831.39","3359.74","-2.6527","153.5","228"
"16577","1815.23","3351.19","-2.65704","176.331","100"
"16578","1784.1","3335","-2.66537","170.016","228"
"16579","1769.63","3327.55","-2.66677","153.986","29"
"16580","1756.22","3320.66","-2.6663","146.7","228"
"16581","1731.82","3308.09","-2.66571","131.155","228"
"16582","1721","3302.49","-2.66406","113.668","228"
"16583","1711.06","3297.35","-2.66384","111.239","228"
"16584","1701.17","3292.21","-2.66169","113.668","228"
"16585","1691.35","3287.07","-2.65683","107.839","199"
"16586","1682.56","3282.4","-2.64959","94.2376","199"
"16587","1674.43","3278.01","-2.64396","91.8088","100"
"16588","1667.2","3274.05","-2.63798","78.2075","235"
"16589","1661.4","3270.82","-2.62793","55.8625","122"
"16590","1657.47","3268.57","-2.61763","38.3751","249"
"16591","1649.7","3264.03","-2.60884","47.6045","114"
"16592","1642.83","3259.94","-2.599","35.9463","199"
"16593","1639.65","3258","-2.591","38.3751","22"
"16594","1636.42","3256","-2.58163","37.8893","15"
"16595","1633","3253.83","-2.57443","40.8039","242"
"16596","1629.61","3251.66","-2.56939","40.8039","1"
"16597","1626.01","3249.32","-2.56379","41.7754","199"
"16598","1622.09","3246.75","-2.55774","54.4052","29"
"16599","1617.32","3243.57","-2.55112","58.777","249"
"16600","1612.31","3240.17","-2.54076","59.2628","199"
"16601","1606.82","3236.37","-2.52946","70.9211","100"
"16602","1600.51","3231.88","-2.5205","85.4939","29"
"16603","1592.83","3226.34","-2.51318","101.038","1"
"16604","1575.06","3213.29","-2.50681","118.526","228"
"16605","1565.01","3205.88","-2.50672","130.67","85"
"16606","1553.89","3197.67","-2.50437","145.728","199"
"16607","1541.35","3188.36","-2.50209","157.386","228"
"16608","1528.39","3178.7","-2.4997","163.701","85"
"16609","1515.43","3168.99","-2.49855","159.329","0"
"16610","1503.45","3160.03","-2.50028","140.385","29"
"16611","1492.24","3151.65","-2.49888","134.07","228"
"16612","1481.35","3143.51","-2.50153","144.757","1"
"16613","1469.65","3134.83","-2.50616","137.956","228"
"16614","1446.67","3118.07","-2.51338","139.413","29"
"16615","1436.06","3110.32","-2.50921","128.241","228"
"16616","1425.74","3102.72","-2.50467","127.269","228"
"16617","1415.8","3095.33","-2.50044","123.869","44"
"16618","1396.89","3081.09","-2.49346","116.583","228"
"16619","1387.51","3073.97","-2.49139","121.44","29"
"16620","1377.77","3066.56","-2.48967","124.355","228"
"16621","1351.55","3046.31","-2.47926","99.0952","199"
"16622","1344.23","3040.59","-2.47616","91.8088","15"
"16623","1337.12","3034.98","-2.47233","90.8372","15"
"16624","1318.86","3020.41","-2.46517","132.613","15"
"16625","1295.87","3001.79","-2.45685","157.386","85"
"16626","1283.75","2991.87","-2.4543","152.529","85"
"16627","1272.06","2982.24","-2.4518","148.643","85"
"16628","1260.94","2973.06","-2.45157","140.385","228"
"16629","1250.53","2964.48","-2.45205","131.155","0"
"16630","1240.16","2955.94","-2.45336","136.984","228"
"16631","1229.38","2947.06","-2.45225","140.385","1"
"16632","1218.02","2937.67","-2.44965","151.072","114"
"16633","1206.04","2927.72","-2.44739","160.301","29"
"16634","1193.69","2917.41","-2.44434","160.787","242"
"16635","1181.18","2906.87","-2.43962","163.216","58"
"16636","1169.1","2896.62","-2.43588","155.929","242"
"16637","1158.18","2887.26","-2.43086","129.212","85"
"16638","1149.01","2879.32","-2.42411","126.784","235"
"16639","1139.62","2871.08","-2.42047","123.383","85"
"16640","1130.45","2863","-2.41887","123.869","58"
"16641","1121.69","2855.31","-2.4221","122.412","85"
"16642","1112.35","2847.16","-2.42555","128.727","58"
"16643","1092.07","2829.4","-2.41492","125.326","207"
"16644","1081.91","2820.25","-2.40464","141.842","199"
"16645","1070.48","2809.81","-2.39924","160.301","199"
"16646","1057.82","2798.16","-2.39626","183.132","114"
"16647","1043.73","2785.14","-2.39538","196.733","199"
"16648","1028.49","2771.06","-2.39653","212.277","58"
"16649","1012.55","2756.36","-2.39724","216.649","228"
"16650","996.898","2741.96","-2.39875","207.42","199"
"16651","982.051","2728.35","-2.39981","199.648","228"
"16652","967.599","2715.1","-2.39922","195.762","29"
"16653","953.667","2702.29","-2.39724","189.932","1"
"16654","940.307","2689.97","-2.39726","176.817","85"
"16655","927.232","2677.95","-2.39859","180.703","85"
"16656","913.668","2665.51","-2.40006","189.447","228"
"16657","899.643","2652.68","-2.40178","195.762","29"
"16658","885.021","2639.36","-2.40322","201.105","0"
"16659","869.755","2625.48","-2.40372","208.391","228"
"16660","854.472","2611.59","-2.40394","203.534","85"
"16661","839.47","2597.95","-2.40372","198.676","85"
"16662","824.823","2584.63","-2.40433","194.79","29"
"16663","810.593","2571.72","-2.40521","191.39","228"
"16664","796.51","2558.97","-2.40636","192.847","228"
"16665","782.367","2546.19","-2.40735","189.447","228"
"16666","768.612","2533.78","-2.40735","182.16","85"
"16667","754.836","2521.34","-2.40706","190.418","228"
"16668","740.941","2508.77","-2.40573","185.561","228"
"16669","727.3","2496.4","-2.4044","184.589","228"
"16670","713.477","2483.84","-2.40352","184.589","228"
"16671","699.788","2471.37","-2.40169","181.674","228"
"16672","686.43","2459.17","-2.40173","178.274","29"
"16673","673.577","2447.45","-2.40252","171.959","0"
"16674","660.98","2435.98","-2.40385","167.587","1"
"16675","648.494","2424.65","-2.40607","170.016","85"
"16676","635.85","2413.23","-2.40706","170.988","228"
"16677","622.888","2401.51","-2.40627","177.788","228"
"16678","609.49","2389.4","-2.40616","186.046","29"
"16679","594.099","2375.45","-2.40476","187.018","85"
"16680","580.418","2363.04","-2.4057","176.817","85"
"16681","567.805","2351.65","-2.40794","167.587","58"
"16682","543.655","2329.98","-2.41289","156.415","228"
"16683","532.93","2320.46","-2.41779","141.356","128"
"16684","522.116","2310.95","-2.42248","145.242","44"
"16685","510.878","2301.14","-2.42477","150.586","228"
"16686","499.708","2291.44","-2.42711","141.842","228"
"16687","489.285","2282.4","-2.4277","132.127","85"
"16688","479.449","2273.89","-2.42865","128.241","228"
"16689","470.356","2266.04","-2.43007","112.211","228"
"16690","462.506","2259.27","-2.43082","100.552","85"
"16691","455.315","2253.09","-2.43134","86.4654","228"
"16692","449.18","2247.8","-2.42978","76.2644","228"
"16693","443.626","2243.01","-2.42992","68.0065","228"
"16694","438.521","2238.61","-2.43165","70.4353","114"
"16695","433.233","2234.09","-2.43502","68.0065","29"
"16696","428.175","2229.78","-2.43784","66.5492","58"
"16697","422.964","2225.37","-2.4396","71.8926","228"
"16698","400.057","2206.04","-2.44087","73.8356","228"
"16699","394.805","2201.6","-2.43802","67.035","199"
"16700","390.144","2197.64","-2.43746","57.8055","29"
"16701","386.055","2194.17","-2.43895","48.0903","1"
"16702","382.617","2191.26","-2.4396","44.2042","85"
"16703","379.453","2188.58","-2.43958","38.8609","228"
"16704","376.546","2186.13","-2.43945","36.432","228"
"16705","373.795","2183.8","-2.43904","36.432","228"
"16706","370.996","2181.43","-2.43856","36.9178","0"
"16707","367.989","2178.87","-2.43671","37.8893","1"
"16708","365.006","2176.32","-2.4322","43.2327","72"
"16709","361.604","2173.39","-2.42748","47.6045","58"
"16710","358.021","2170.27","-2.424","48.5761","85"
"16711","354.261","2166.98","-2.42224","51.0049","1"
"16712","350.48","2163.66","-2.41957","50.5191","199"
"16713","346.796","2160.41","-2.41727","47.1188","199"
"16714","343.612","2157.58","-2.41501","40.3181","1"
"16715","340.887","2155.16","-2.41395","35.9463","228"
"16716","338.21","2152.77","-2.41345","36.432","85"
"16717","335.678","2150.51","-2.41144","33.0317","29"
"16718","333.329","2148.4","-2.40801","30.1172","228"
"16719","331.229","2146.5","-2.40415","27.2026","29"
"16720","327.103","2142.71","-2.39459","28.1741","29"
"16721","324.901","2140.66","-2.39023","31.5744","15"
"16722","322.454","2138.37","-2.3861","34.489","15"
"16723","319.825","2135.88","-2.38229","35.4605","114"
"16724","317.148","2133.33","-2.37928","38.3751","114"
"16725","314.248","2130.55","-2.37583","41.7754","228"
"16726","304.513","2121.1","-2.3721","42.2612","249"
"16727","301.04","2117.76","-2.37829","55.3767","85"
"16728","295.92","2112.87","-2.37761","90.3515","114"
"16729","287.393","2104.62","-2.36885","119.497","29"
"16730","278.258","2095.62","-2.35936","127.755","50"
"16731","257.432","2074.58","-2.34624","78.2075","29"
"16732","252.278","2069.33","-2.349","68.978","29"
"16733","247.003","2063.99","-2.34952","74.8071","29"
"16734","242.465","2059.39","-2.34805","70.4353","114"
"16735","237.635","2054.48","-2.34755","75.7787","228"
"16736","231.884","2048.61","-2.34527","85.4939","199"
"16737","225.837","2042.41","-2.34213","85.0081","242"
"16738","220.383","2036.78","-2.3394","73.3499","58"
"16739","215.641","2031.87","-2.33764","64.6062","199"
"16740","211.448","2027.51","-2.33603","57.3198","29"
"16741","207.556","2023.45","-2.33377","56.3482","85"
"16742","203.533","2019.23","-2.33","59.2628","29"
"16743","199.296","2014.73","-2.32442","65.0919","1"
"16744","194.936","2010.05","-2.31727","63.1489","1"
"16745","190.778","2005.52","-2.31013","61.2058","114"
"16746","186.588","2000.9","-2.30432","62.6631","72"
"16747","182.387","1996.21","-2.29881","64.6062","44"
"16748","178.049","1991.31","-2.29443","66.0634","1"
"16749","173.648","1986.3","-2.28885","68.0065","114"
"16750","168.86","1980.78","-2.28298","75.7787","29"
"16751","163.64","1974.7","-2.27788","84.5223","58"
"16752","157.868","1967.9","-2.2716","92.2945","1"
"16753","152.141","1961.06","-2.26485","86.4654","199"
"16754","147.173","1955.04","-2.25633","69.4638","50"
"16755","143.168","1950.09","-2.24735","56.3482","1"
"16756","139.949","1946.05","-2.23989","48.5761","199"
"16757","136.954","1942.24","-2.23644","51.4906","228"
"16758","133.946","1938.4","-2.23221","44.69","114"
"16759","131.139","1934.77","-2.2256","51.9764","221"
"16760","127.707","1930.26","-2.21735","59.7486","249"
"16761","123.757","1924.97","-2.20931","69.9495","214"
"16762","119.439","1919.11","-2.20274","77.7217","199"
"16763","114.39","1912.16","-2.19637","90.8372","128"
"16764","108.64","1904.14","-2.18946","103.467","221"
"16765","102.401","1895.29","-2.18109","109.296","36"
"16766","96.5586","1886.85","-2.17266","88.8942","221"
"16767","89.5074","1876.41","-2.15507","44.69","199"
"16768","87.2983","1873.06","-2.15188","43.7185","29"
"16769","84.4578","1868.72","-2.15137","49.5476","228"
"16770","78.7421","1860","-2.14637","55.3767","214"
"16771","75.7246","1855.3","-2.13635","54.4052","114"
"16772","72.7522","1850.54","-2.12386","56.834","65"
"16773","69.6799","1845.49","-2.11369","60.7201","249"
"16774","66.6094","1840.36","-2.1066","62.1774","58"
"16775","63.1881","1834.56","-2.10163","68.978","58"
"16776","59.7429","1828.64","-2.09477","73.3499","100"
"16777","55.7712","1821.71","-2.08793","86.4654","228"
"16778","51.6325","1814.36","-2.08002","80.1505","36"
"16779","47.8679","1807.55","-2.07239","72.8641","228"
"16780","44.5403","1801.42","-2.06559","68.0065","85"
"16781","41.3878","1795.54","-2.06128","64.6062","242"
"16782","37.9456","1789.06","-2.05649","67.035","199"
"16783","31.6523","1776.94","-2.04052","64.1204","85"
"16784","26.0402","1765.64","-2.02447","54.8909","249"
"16785","23.669","1760.72","-2.01683","56.834","128"
"16786","21.1433","1755.4","-2.01205","58.777","15"
"16787","18.6284","1750.04","-2.00733","59.2628","85"
"16788","15.9641","1744.28","-2.00102","65.5777","100"
"16789","13.2906","1738.4","-1.99499","64.6062","128"
"16790","10.641","1732.49","-1.98874","65.0919","242"
"16791","8.09993","1726.7","-1.98108","59.7486","7"
"16792","5.62881","1720.94","-1.972","60.7201","36"
"16793","3.73235","1716.41","-1.96144","36.9178","114"
"16794","2.72379","1713.92","-1.95035","19.9162","36"
"16795","2.15186","1712.46","-1.9431","12.144","100"
"16796","1.88809","1711.79","-1.93971","4.85761","29"
"16797","1.70827","1711.32","-1.93738","5.82913","85"
"16798","1.44147","1710.62","-1.93391","8.74369","1"
"16799","1.07484","1709.65","-1.92907","12.144","100"
"16800","0.61905","1708.42","-1.92298","14.0871","207"
"16801","0.222716","1707.33","-1.91469","8.25793","79"
"16802","0.0762066","1706.91","-1.90288","3.88609","114"
"16803","-0.133573","1706.29","-1.89215","7.77217","58"
"16804","-0.315955","1705.73","-1.88097","6.80065","85"
"16805","-0.608401","1704.8","-1.87056","10.6867","58"
"16806","-0.927831","1703.74","-1.85943","10.6867","85"
"16807","-1.12269","1703.08","-1.84924","2.91456","72"
"16808","-1.29399","1702.46","-1.84059","10.6867","242"
"16809","-1.63142","1701.22","-1.83217","13.6013","44"
"16810","-1.94459","1700.02","-1.82058","12.144","136"
"16811","-2.29107","1698.62","-1.80859","17.9731","79"
"16812","-2.67236","1697.01","-1.79827","15.0586","65"
"16813","-2.94531","1695.8","-1.78854","12.144","36"
"16814","-3.24884","1694.4","-1.7812","15.0586","221"
"16815","-3.50377","1693.18","-1.77307","8.74369","44"
"16816","-3.70548","1692.17","-1.76426","11.1725","7"
"16817","-3.9478","1690.91","-1.75559","14.5728","44"
"16818","-4.20091","1689.51","-1.74561","13.1155","65"
"16819","-4.38418","1688.44","-1.73614","9.71521","58"
"16820","-4.57866","1687.24","-1.72722","13.6013","29"
"16821","-4.8203","1685.65","-1.71708","18.4589","100"
"16822","-5.14082","1683.34","-1.70247","27.6884","12"
"16823","-5.49417","1680.49","-1.68752","24.7738","122"
"16824","-5.68585","1678.78","-1.6779","11.6583","242"
"16825","-5.74936","1678.17","-1.67085","3.88609","214"
"16826","-5.79382","1677.71","-1.66308","6.80065","15"
"16827","-5.85119","1677.05","-1.65453","6.80065","29"
"16828","-5.91263","1676.27","-1.64542","9.22945","65"
"16829","-5.98122","1675.28","-1.63431","10.6867","207"
"16830","-6.04953","1674.05","-1.62013","12.144","239"
"16831","-6.08768","1673.16","-1.60751","6.80065","44"
"16832","-6.10256","1672.7","-1.59938","3.40032","7"
"16833","-6.11063","1672.36","-1.59091","4.85761","242"
"16834","-6.12066","1671.72","-1.58312","5.82913","1"
"16835","-6.1192","1669.52","-1.55956","13.6013","207"
"16836","-6.08921","1667.93","-1.54612","16.5159","72"
"16837","-6.05081","1666.66","-1.53578","12.144","65"
"16838","-6.00664","1665.56","-1.52618","12.144","36"
"16839","-5.94513","1664.34","-1.51534","11.6583","100"
"16840","-5.86207","1662.99","-1.50554","15.5443","242"
"16841","-5.73229","1661.14","-1.49696","21.8592","65"
"16842","-5.50377","1658.32","-1.48384","32.546","239"
"16843","-5.15304","1654.69","-1.46688","39.3466","33"
"16844","-4.57583","1649.64","-1.45164","62.6631","65"
"16845","-3.72972","1642.82","-1.44482","70.9211","228"
"16846","-2.64043","1634.25","-1.445","96.1806","29"
"16847","-1.32681","1623.79","-1.44551","107.839","1"
"16848","-0.164945","1615.13","-1.42754","88.4084","36"
"16849","1.5688","1603.87","-1.41266","132.127","85"
"16850","3.94599","1589.17","-1.41033","162.244","228"
"16851","6.70114","1571.87","-1.41559","184.103","207"
"16852","9.65511","1552.58","-1.42072","195.762","114"
"16853","12.7176","1532.24","-1.42103","203.534","199"
"16854","15.834","1511.59","-1.42094","202.562","85"
"16855","18.8213","1491.98","-1.41844","190.418","228"
"16856","21.6076","1473.81","-1.41907","179.246","228"
"16857","24.2396","1456.69","-1.41765","165.644","85"
"16858","26.749","1440.5","-1.41704","153.986","199"
"16859","29.0434","1425.66","-1.41826","143.785","85"
"16860","31.1556","1411.75","-1.42169","139.413","58"
"16861","33.3077","1397.4","-1.42241","139.899","85"
"16862","35.3908","1383.25","-1.42625","148.643","228"
"16863","37.494","1368.66","-1.42862","147.185","1"
"16864","39.5786","1353.99","-1.43056","146.7","29"
"16865","41.5775","1339.68","-1.43316","141.356","1"
"16866","43.4971","1325.69","-1.43549","139.413","29"
"16867","45.3337","1312.13","-1.43628","132.613","228"
"16868","47.0543","1299.5","-1.4344","123.869","1"
"16869","48.7138","1287.47","-1.43325","119.497","228"
"16870","50.2441","1276.45","-1.43239","104.924","228"
"16871","51.6971","1266.08","-1.43095","103.467","29"
"16872","53.24","1255.16","-1.43004","115.611","228"
"16873","55.0132","1242.76","-1.42709","128.241","85"
"16874","56.894","1230.12","-1.41975","133.584","207"
"16875","59.007","1216.55","-1.41372","142.328","207"
"16876","61.3601","1201.97","-1.40852","149.614","58"
"16877","66.4675","1171.52","-1.40159","149.614","29"
"16878","69.0575","1156.46","-1.3996","152.529","228"
"16879","71.7073","1141.22","-1.39804","159.329","85"
"16880","74.4341","1125.68","-1.39644","159.815","85"
"16881","77.2654","1109.64","-1.39612","166.13","228"
"16882","83.614","1073.63","-1.39529","198.19","29"
"16883","87.142","1053.87","-1.39314","201.105","85"
"16884","90.8123","1033.51","-1.39168","204.991","85"
"16885","94.358","1014.03","-1.39068","196.247","85"
"16886","97.7638","995.244","-1.39149","191.39","85"
"16887","99.9891","982.571","-1.41749","77.7217","133"
"16888","101.286","972.747","-1.4557","96.6664","30"
"16889","102.615","959.88","-1.47379","136.013","85"
"16890","103.786","947.285","-1.48242","88.4084","108"
"16891","104.272","940.921","-1.50473","51.9764","54"
"16892","104.578","935.494","-1.52268","37.4036","239"
"16893","104.468","938.236","-1.52216","-38.8609","29"
"16894","104.247","942.023","-1.50453","-31.5744","231"
"16895","104.073","944.426","-1.49332","-17.0016","249"
"16896","104.037","944.876","-1.49122","0","0"
"16897","104.042","944.814","-1.49098","0.971521","228"
"16898","104.056","944.634","-1.49014","1.45728","85"
"16899","104.083","944.31","-1.48863","8.25793","242"
"16900","104.457","939.945","-1.48574","98.6094","100"
